source_id,job_title,company,location,category,description,salary,publication_date,job_url,source,fetched_at
1728282794956418829,Cybersecurity Sales Lead,VISA,Dubai,,"&nbsp;...impact with a purpose-driven industry leader. Join us today and experience Life at Visa. 

 Job Description 
 Visa is seeking a <b>Cybersecurity </b>Sales Leader to drive the commercial growth, regional sales and go‑to‑market (GTM) strategy and market positioning of Visa’s...&nbsp;",,2026-09-30T00:00:00.0000000,https://ae.jooble.org/desc/1728282794956418829?ckey=IT+cybersecurity+cloud+AI+computer+science&rgn=0&pos=49&elckey=4393203855637880000&p=1&aq=-8560852774840018275&cid=111&jobAge=23&relb=100&brelb=100&bscr=2765.3218&scr=2765.3217999999997,powertofly.com,2026-09-30T19:44:10.611040+00:00
-2144782628201285530,Software Development Engineer I,Esri,Sharjah,,"&nbsp;...leader in geographic information systems (GIS) and <b>developer </b>of ArcGIS, the leading mapping and analytics <b>software </b>used in 75 percent of Fortune 500 companies. At...&nbsp;&nbsp;...geospatial deep learning. 
 As a Software Development <b>Engineer </b>in this role, you will develop foundation and...&nbsp;",,2026-09-30T00:00:00.0000000,https://ae.jooble.org/desc/-2144782628201285530?ckey=software+engineer+developer&rgn=0&pos=3&elckey=3279470198409636880&p=1&aq=-9149584179154696749&cid=111&jobAge=23&relb=100&brelb=100&bscr=4358.7007&scr=4358.7007,powertofly.com,2026-09-30T19:44:09.462950+00:00
5327670201751708504,Senior Data Engineer (Investment Data),Luxoft,Abu Dhabi,,"We’re looking for an experienced, hands-on <b>Data Engineer </b>who is capable of designing, building, and operating data pipelines and models that power analytics and applications across investment teams and Middle/Back office. The ideal candidate has financial markets familiarity...&nbsp;",,2026-09-30T00:00:00.0000000,https://ae.jooble.org/desc/5327670201751708504?ckey=data+analyst+data+scientist+data+engineer&rgn=0&pos=30&elckey=2448638047395019015&p=1&aq=4161589712280518678&cid=111&jobAge=23&relb=100&brelb=100&bscr=3193.688&scr=3193.688,luxoft.com,2026-09-30T19:44:10.138507+00:00
4381531718431747466,Principal Full-Stack Architect (.NET & Cloud),Luxoft,Abu Dhabi,,"&nbsp;...applications within a broader enterprise <b>IT </b>ecosystem. 
 The role involves...&nbsp;&nbsp;...design concepts, including <b>computer </b>and network architecture...&nbsp;&nbsp;...Experience integrating with <b>cloud </b>infrastructure platforms, in particular...&nbsp;&nbsp;...experience) or comparable data/<b>AI </b>platforms; Palantir exposure...&nbsp;",,2026-09-30T00:00:00.0000000,https://ae.jooble.org/desc/4381531718431747466?ckey=IT+cybersecurity+cloud+AI+computer+science&rgn=0&pos=44&elckey=4393203855637880000&p=1&aq=-8560852774840018275&cid=111&jobAge=23&relb=100&brelb=100&bscr=2819.4915&scr=2819.4915,luxoft.com,2026-09-30T19:44:10.611019+00:00
-6760404389093120356,Senior AI Cloud Architect,EPAM Systems,Dubai,,"&nbsp;...We're looking for a  Senior <b>AI Cloud </b>Architect  to join our team...&nbsp;&nbsp;...teams to ensure compliance with <b>cybersecurity,</b> data governance and...&nbsp;&nbsp;...based architecture covering <b>compute,</b> storage, networking, databases...&nbsp;&nbsp;...Master’s degree in Computer <b>Science,</b> Information Systems or a related...&nbsp;",,2026-09-29T00:00:00.0000000,https://ae.jooble.org/desc/-6760404389093120356?ckey=IT+cybersecurity+cloud+AI+computer+science&rgn=0&pos=2&elckey=4393203855637880000&p=1&aq=-8560852774840018275&cid=111&jobAge=47&relb=100&brelb=100&bscr=4811.1646&scr=4811.1646,epam.com,2026-09-30T19:44:10.610823+00:00
-3568959642004604805,Senior Data Engineer,EPAM Systems,Abu Dhabi,,"&nbsp;...We're looking for a  Senior <b>Data Engineer </b> to join our team in Abu Dhabi, United Arab Emirates in an onsite working mode. This role involves working on a large-scale data platform migration using modern data technologies and building production-ready pipelines in a dynamic...&nbsp;",,2026-09-29T00:00:00.0000000,https://ae.jooble.org/desc/-3568959642004604805?ckey=data+analyst+data+scientist+data+engineer&rgn=0&pos=39&elckey=2448638047395019015&p=1&aq=4161589712280518678&cid=111&jobAge=47&relb=100&brelb=100&bscr=2835.5264&scr=2835.5264,epam.com,2026-09-30T19:44:10.138544+00:00
-3408978240156639986,Senior Data Warehouse Engineer,Jobgether,Remote,,"&nbsp;...applications and next steps. Our partner is looking for a Senior <b>Data </b>Warehouse <b>Engineer </b>based in United Arab Emirates. This role offers the...&nbsp;&nbsp;...data-driven decision-making. Working closely with data <b>scientists, analysts,</b> and engineers, you will transform complex data into...&nbsp;",,2026-09-29T00:00:00.0000000,https://ae.jooble.org/desc/-3408978240156639986?ckey=data+analyst+data+scientist+data+engineer&rgn=0&pos=12&elckey=2448638047395019015&p=1&aq=4161589712280518678&cid=111&jobAge=47&relb=100&brelb=100&bscr=4230.76&scr=4230.76,remoshift.com,2026-09-30T19:44:10.138366+00:00
-7229615599495096182,Experienced Software Engineer,Jobgether,Remote,,"&nbsp;...applications and next steps. Our partner is looking for an Experienced <b>Software Engineer </b>based in United Arab Emirates. This is an opportunity for an...&nbsp;&nbsp;...commerce, content management, and communication platforms. - <b>Develop </b>reliable, scalable solutions while considering performance,...&nbsp;",,2026-09-29T00:00:00.0000000,https://ae.jooble.org/desc/-7229615599495096182?ckey=software+engineer+developer&rgn=0&pos=2&elckey=3279470198409636880&p=1&aq=-9149584179154696749&cid=111&jobAge=47&relb=100&brelb=100&bscr=4407.803&scr=4407.803,remoshift.com,2026-09-30T19:44:09.462944+00:00
9132702049178534193,Senior AI Engineer - Agentic AI,EPAM Systems,Abu Dhabi,,"&nbsp;...We're looking for a  Senior <b>AI </b>Engineer – Agentic AI  to join our team in UAE out...&nbsp;&nbsp;...development Bachelor’s or Master’s degree in <b>Computer Science,</b> Engineering or related field (PhD is a...&nbsp;&nbsp;...checkpointing and resumable workflows <b>Cloud </b>deployment experience (Azure preferred),...&nbsp;",,2026-09-29T00:00:00.0000000,https://ae.jooble.org/desc/9132702049178534193?ckey=IT+cybersecurity+cloud+AI+computer+science&rgn=0&pos=45&elckey=4393203855637880000&p=1&aq=-8560852774840018275&cid=111&jobAge=47&relb=100&brelb=100&bscr=2804.2566&scr=2804.2566,epam.com,2026-09-30T19:44:10.611023+00:00
3386476780691493611,Computer Assistant,,Dubai,,"&nbsp;...A reputable institution is looking for a <b>Computer </b>Assistant to support daily computer operations and provide basic technical assistance...&nbsp;&nbsp;...preparation, scanning, and printing 
Maintain proper records of <b>IT-</b>related requests and activities 
Follow institutional data security...&nbsp;",,2026-09-27T00:00:00.0000000,https://ae.jooble.org/desc/3386476780691493611?ckey=IT+cybersecurity+cloud+AI+computer+science&rgn=0&pos=7&elckey=4393203855637880000&p=1&aq=-8560852774840018275&cid=111&jobAge=95&relb=100&brelb=100&bscr=3742.1301&scr=3742.1301000000003,buzzon.khaleejtimes.com,2026-09-30T19:44:10.610851+00:00
-8312099218176009930,Computer Teacher,,Dubai,,"&nbsp;...A leading education and training sector in Dubai offers an opportunity for a knowledgeable <b>Computer </b>Teacher to deliver practical computer lessons, support students’ digital learning, and help learners build confidence with essential technology skills. 
 Key Responsibilities...&nbsp;",,2026-09-27T00:00:00.0000000,https://ae.jooble.org/desc/-8312099218176009930?ckey=IT+cybersecurity+cloud+AI+computer+science&rgn=0&pos=9&elckey=4393203855637880000&p=1&aq=-8560852774840018275&cid=111&jobAge=95&relb=100&brelb=100&bscr=3649.8975&scr=3649.8975,buzzon.khaleejtimes.com,2026-09-30T19:44:10.610859+00:00
-3077573946238091052,Software Engineer: Backend,Jobgether,Remote,,"&nbsp;...all applications and next steps. Our partner is looking for a <b>Software Engineer:</b> Backend based in United Arab Emirates. As a Backend Engineer...&nbsp;&nbsp;...Fridays at 2:30 PM GMT . \n Accountabilities: - Design and <b>develop </b>highly scalable, intuitive, and well-documented APIs for new...&nbsp;",,2026-09-26T00:00:00.0000000,https://ae.jooble.org/desc/-3077573946238091052?ckey=software+engineer+developer&rgn=0&pos=4&elckey=3279470198409636880&p=1&aq=-9149584179154696749&cid=111&jobAge=119&relb=100&brelb=100&bscr=4312.481&scr=4312.481,remoshift.com,2026-09-30T19:44:09.462956+00:00
-1331612040302236262,Software Engineer - Python and K8s,Jobgether,Remote,,&nbsp;...all applications and next steps. Our partner is looking for a <b>Software Engineer </b>- Python and K8s based in United Arab Emirates. This role...&nbsp;&nbsp;...operated across public clouds and private infrastructure. You will <b>develop </b>Python-based operations software designed to automate and...&nbsp;,$2000 per year,2026-09-25T00:00:00.0000000,https://ae.jooble.org/desc/-1331612040302236262?ckey=software+engineer+developer&rgn=0&pos=6&elckey=3279470198409636880&p=1&aq=-9149584179154696749&cid=111&jobAge=143&relb=100&brelb=100&bscr=4223.717&scr=4223.717,remoshift.com,2026-09-30T19:44:09.462966+00:00
-5195868468719152514,Business Analyst -Data & Analytics,Praxis Consultants,Dubai,,"Full Time
Posted 5 days ago
Role Overview
We are looking for a Business <b>Analyst – Data </b>& Analytics to act as the bridge between business stakeholders and technical delivery teams. The role will translate business objectives, operational requirements and reporting needs...&nbsp;",,2026-09-25T00:00:00.0000000,https://ae.jooble.org/jdp/-5195868468719152514?ckey=data+analyst+data+scientist+data+engineer&rgn=0&pos=15&elckey=2448638047395019015&p=1&aq=4161589712280518678&cid=111&jobAge=143&relb=100&brelb=100&bscr=4120.2603&scr=4120.2603,Praxis Consultants,2026-09-30T19:44:10.138378+00:00
-7938485475618287606,Senior Data Quality Engineer-Data Governance & MDM,Praxis Consultants,Dubai,,"Full Time
Posted 5 days ago
Role Overview
We are looking for a Senior <b>Data </b>Quality <b>Engineer </b>to establish and operationalize enterprise Data Quality across the organization’s data platform. The role will embed automated quality controls across the Lakehouse, ensure source...&nbsp;",,2026-09-25T00:00:00.0000000,https://ae.jooble.org/jdp/-7938485475618287606?ckey=data+analyst+data+scientist+data+engineer&rgn=0&pos=36&elckey=2448638047395019015&p=1&aq=4161589712280518678&cid=111&jobAge=143&relb=100&brelb=100&bscr=2992.2483&scr=2992.2483,Praxis Consultants,2026-09-30T19:44:10.138532+00:00
4320588302851031567,Data Modeler-Erwin,Praxis Consultants,Dubai,,"&nbsp;...days ago
Role Overview
We are looking for an experienced <b>Data </b>Modeler to own conceptual, logical and physical data modelling...&nbsp;&nbsp;...PII tagging.
~Work closely with Data Architects, Business <b>Analysts,</b> Data <b>Engineers,</b> DQ Engineers and Data Stewards.

Required Skills
~7+ years...&nbsp;",,2026-09-25T00:00:00.0000000,https://ae.jooble.org/jdp/4320588302851031567?ckey=data+analyst+data+scientist+data+engineer&rgn=0&pos=46&elckey=2448638047395019015&p=1&aq=4161589712280518678&cid=111&jobAge=143&relb=100&brelb=100&bscr=2754.107&scr=2754.107,Praxis Consultants,2026-09-30T19:44:10.138573+00:00
8592756263986631494,Business Head (MEA) - Cybersecurity,Tech First Gulf,Dubai,,"&nbsp;...Business Head (MEA) - <b>Cybersecurity </b>

 About the Role 

 We are seeking an experienced and results-driven  Business Head (MEA) - Cybersecurity...&nbsp;&nbsp;...Required Experience 

 Minimum 12 years of experience  in <b>IT </b>and/or Cybersecurity Sales. 
 At least 7 years of experience...&nbsp;",,2026-09-24T00:00:00.0000000,https://ae.jooble.org/desc/8592756263986631494?ckey=IT+cybersecurity+cloud+AI+computer+science&rgn=0&pos=19&elckey=4393203855637880000&p=1&aq=-8560852774840018275&cid=111&jobAge=167&relb=100&brelb=100&bscr=3282.4&scr=3282.4,zoho.com,2026-09-30T19:44:10.610901+00:00
-7812881781794998621,eTrading Developer,Luxoft,Abu Dhabi,,"&nbsp;...processing (STP). 
 We are seeking a Senior Electronic Trading <b>Engineer </b>to design and build low-latency, event-driven trading systems...&nbsp;&nbsp;...Real-time price streaming
                            
<b>Develop </b>systems capable of high throughput and deterministic latency performance...&nbsp;",,2026-09-24T00:00:00.0000000,https://ae.jooble.org/desc/-7812881781794998621?ckey=software+engineer+developer&rgn=0&pos=38&elckey=3279470198409636880&p=1&aq=-9149584179154696749&cid=111&jobAge=167&relb=100&brelb=100&bscr=2726.6792&scr=2726.6792,luxoft.com,2026-09-30T19:44:09.463113+00:00
8704064975686945575,BUSINESS ANALYST,Duncan & Ross,Abu Dhabi,,"&nbsp;...We are seeking an experienced Business <b>Analyst </b>to bridge business needs and technology...&nbsp;&nbsp;...Information Systems, Computer Science, <b>Engineering,</b> or a related field. 
~5+ years of experience...&nbsp;&nbsp;...of system integrations, REST APIs, <b>data </b>flows, user interfaces, and enterprise application...&nbsp;",,2026-09-23T00:00:00.0000000,https://ae.jooble.org/desc/8704064975686945575?ckey=data+analyst+data+scientist+data+engineer&rgn=0&pos=47&elckey=2448638047395019015&p=1&aq=4161589712280518678&cid=111&jobAge=191&relb=100&brelb=100&bscr=2723.5317&scr=2723.5317,manatal.com,2026-09-30T19:44:10.138577+00:00
2004945285375614930,Senior Web Developer (AI-Augmented),Jobgether,Remote,,"&nbsp;...Our partner is looking for a Senior Web <b>Developer </b>(AI-Augmented) based in United Arab Emirates...&nbsp;&nbsp;...for an experienced full-stack <b>engineer </b>who combines strong web development expertise with an AI-native approach to <b>software </b>delivery. You’ll design, build, and maintain...&nbsp;",,2026-09-23T00:00:00.0000000,https://ae.jooble.org/desc/2004945285375614930?ckey=software+engineer+developer&rgn=0&pos=35&elckey=3279470198409636880&p=1&aq=-9149584179154696749&cid=111&jobAge=191&relb=100&brelb=100&bscr=2830.0308&scr=2830.0308,remoshift.com,2026-09-30T19:44:09.463102+00:00
7833201078948588163,PowerBuilder Developer,Jobgether,Remote,,"&nbsp;...applications and next steps. Our partner is looking for a PowerBuilder <b>Developer </b>based in United Arab Emirates. This is a remote contract...&nbsp;&nbsp;...of enterprise applications. You will work across the full <b>software </b>development lifecycle, from requirements analysis and architecture...&nbsp;",,2026-09-23T00:00:00.0000000,https://ae.jooble.org/desc/7833201078948588163?ckey=software+engineer+developer&rgn=0&pos=25&elckey=3279470198409636880&p=1&aq=-9149584179154696749&cid=111&jobAge=191&relb=100&brelb=100&bscr=3032.2898&scr=3032.2898,remoshift.com,2026-09-30T19:44:09.463058+00:00
-8201758450628906060,FULL STACK DEVELOPER,Duncan & Ross,Abu Dhabi,,"&nbsp;...seeking a highly skilled and experienced Senior Full Stack <b>Developer </b>with 6–8 years of professional experience in designing, developing...&nbsp;&nbsp;...containerized deployments, cloud services, databases, and <b>software engineering </b>best practices. The successful candidate will work closely...&nbsp;",,2026-09-23T00:00:00.0000000,https://ae.jooble.org/desc/-8201758450628906060?ckey=software+engineer+developer&rgn=0&pos=22&elckey=3279470198409636880&p=1&aq=-9149584179154696749&cid=111&jobAge=191&relb=100&brelb=100&bscr=3139.998&scr=3139.998,manatal.com,2026-09-30T19:44:09.463046+00:00
-6295199329654475580,"Senior Cybersecurity Engineer, Dubai",Emerald Zebra - Recruitment & Executive Search,Dubai,,"&nbsp;...orchestration platform operating across multiple regulated jurisdictions. We are looking for a senior <b>cybersecurity </b>engineer to take hands-on ownership of the company's <b>cloud </b>security posture, identity and access controls, and compliance evidence production, while serving...&nbsp;",AED25000 - 35000 per month,2026-09-22T00:00:00.0000000,https://ae.jooble.org/desc/-6295199329654475580?ckey=IT+cybersecurity+cloud+AI+computer+science&rgn=0&pos=23&elckey=4393203855637880000&p=1&aq=-8560852774840018275&cid=111&jobAge=215&relb=100&brelb=100&bscr=3190.4426&scr=3190.4426000000003,manatal.com,2026-09-30T19:44:10.610918+00:00
3914886450883467581,SEO Analyst,GITS BUSINESS SOLUTIONS,Dubai,,"&nbsp;...seeking a detail-oriented and analytical SEO <b>Analyst </b>to join our growing team. In this role,...&nbsp;&nbsp;...and implementing effective search <b>engine </b>optimization (SEO) strategies to increase...&nbsp;&nbsp;...about digital marketing and are driven by <b>data,</b> we encourage you to apply. 
 Responsibilities...&nbsp;",AED1 per month,2026-09-22T00:00:00.0000000,https://ae.jooble.org/desc/3914886450883467581?ckey=data+analyst+data+scientist+data+engineer&rgn=0&pos=45&elckey=2448638047395019015&p=1&aq=4161589712280518678&cid=111&jobAge=215&relb=100&brelb=100&bscr=2769.7637&scr=2769.7637,talentmate.com,2026-09-30T19:44:10.138568+00:00
-4609658598920473950,Head of Science - Dubai,SUNSHINE ENTERPRISE USA LLC,Dubai,,"&nbsp;...Head of <b>Science </b>


 Location:  Dubai, UAE 

 Employment Type:  Full-Time 


 Position Overview 

 We are seeking an experienced  Head of Science  to lead the Science Department and drive high standards of teaching, learning, and student achievement within a progressive...&nbsp;",$14 - $15 per hour,2026-09-20T00:00:00.0000000,https://ae.jooble.org/desc/-4609658598920473950?ckey=IT+cybersecurity+cloud+AI+computer+science&rgn=0&pos=38&elckey=4393203855637880000&p=1&aq=-8560852774840018275&cid=111&jobAge=263&relb=100&brelb=100&bscr=2894.3413&scr=2894.3413,zoho.com,2026-09-30T19:44:10.610994+00:00
-4061576709507193798,IT Admin,Safad Trading Establishment,Abu Dhabi,,"&nbsp;...Job Description:  The <b>IT </b>Admin plays a crucial role in ensuring the seamless operation...&nbsp;&nbsp;..., maintenance, and troubleshooting of <b>computer </b>systems, networks, and software applications...&nbsp;&nbsp;...Bachelor’s degree in Computer <b>Science,</b> Information Technology, or related field...&nbsp;",AED1 - 5 per month,2026-09-20T00:00:00.0000000,https://ae.jooble.org/desc/-4061576709507193798?ckey=IT+cybersecurity+cloud+AI+computer+science&rgn=0&pos=20&elckey=4393203855637880000&p=1&aq=-8560852774840018275&cid=111&jobAge=263&relb=100&brelb=100&bscr=3257.368&scr=3257.368,talentmate.com,2026-09-30T19:44:10.610905+00:00
6900455674150795465,Junior Research Scientist,New York University Abu Dhabi,Abu Dhabi,,"&nbsp;...As a Junior Research <b>Scientist,</b> you will be involved in all aspects of our research, including...&nbsp;&nbsp;...reviews, collecting and analyzing <b>data,</b> implementing tools, running experiments...&nbsp;&nbsp;...coursework/projects must include software <b>engineering </b>related topics)
 Excellent programming...&nbsp;",,2026-09-20T00:00:00.0000000,https://ae.jooble.org/desc/6900455674150795465?ckey=data+analyst+data+scientist+data+engineer&rgn=0&pos=28&elckey=2448638047395019015&p=1&aq=4161589712280518678&cid=111&jobAge=263&relb=100&brelb=100&bscr=3377.6287&scr=3377.6286999999998,getgulfjob.com,2026-09-30T19:44:10.138499+00:00
9103371224589847296,Sr. Full-Stack Software Engineer - Remote,YO AI Labs,Abu Dhabi,,"&nbsp;...Full-Stack <b>Software Engineer </b> 
  Location:  Global, Fully Remote 
 Job Type:  Contractor | ~15 hours/week 
 Schedule:  Flexible  
  We'...&nbsp;&nbsp;...technical problem-solving.  
  Key Responsibilities  
 
 <b>Develop </b>and debug front-end and back-end applications. 
 Build features...&nbsp;",,2026-09-19T00:00:00.0000000,https://ae.jooble.org/desc/9103371224589847296?ckey=software+engineer+developer&rgn=0&pos=15&elckey=3279470198409636880&p=1&aq=-9149584179154696749&cid=111&jobAge=287&relb=100&brelb=100&bscr=3580.0798&scr=3580.0798,manatal.com,2026-09-30T19:44:09.463016+00:00
4088536035830283143,IT Analyst,FAIRMONT,Fujairah,,"&nbsp;...Job Description 
 Daily <b>IT </b>support activities and prioritise...&nbsp;&nbsp;...Install, configure and maintain <b>computers,</b> printers, telephones,...&nbsp;&nbsp;...systems and assist with backups, <b>cybersecurity,</b> business continuity and disaster...&nbsp;&nbsp;...Technology, Computer <b>Science,</b> Computer Engineering or a related...&nbsp;",,2026-09-18T00:00:00.0000000,https://ae.jooble.org/desc/4088536035830283143?ckey=IT+cybersecurity+cloud+AI+computer+science&rgn=0&pos=8&elckey=4393203855637880000&p=1&aq=-8560852774840018275&cid=111&jobAge=311&relb=100&brelb=100&bscr=3677.4907&scr=3677.4907000000003,accor.com,2026-09-30T19:44:10.610855+00:00
-5361190474567313351,Senior Android Developer,Luxoft,Dubai,,"&nbsp;...includes the development of new embedded <b>software,</b> enhancements to cloud infrastructure,...&nbsp;&nbsp;...'re seeking a solid and creative Mobile <b>Developer </b>responsible for the development and maintenance...&nbsp;&nbsp;.... You will be working alongside other <b>engineers </b>and developers working on different...&nbsp;",,2026-09-18T00:00:00.0000000,https://ae.jooble.org/desc/-5361190474567313351?ckey=software+engineer+developer&rgn=0&pos=36&elckey=3279470198409636880&p=1&aq=-9149584179154696749&cid=111&jobAge=311&relb=100&brelb=100&bscr=2786.5298&scr=2786.5298,luxoft.com,2026-09-30T19:44:09.463106+00:00
4685382251263948459,MECHANICAL QA/QC ENGINEER - DATA CENTER,Duncan & Ross,Abu Dhabi,,"&nbsp;...We are looking for an experienced Mechanical QA/QC <b>Engineer </b>to oversee and ensure the quality of mechanical installation works for a <b>Data </b>Center project for our client JLW.  The role will be responsible for implementing project quality requirements, conducting inspections...&nbsp;",,2026-09-17T00:00:00.0000000,https://ae.jooble.org/desc/4685382251263948459?ckey=data+analyst+data+scientist+data+engineer&rgn=0&pos=40&elckey=2448638047395019015&p=1&aq=4161589712280518678&cid=111&jobAge=335&relb=100&brelb=100&bscr=2828.974&scr=2828.974,manatal.com,2026-09-30T19:44:10.138548+00:00
-3117280488670635205,ELECTRICAL QA/QC ENGINEER - DATA CENTER,Duncan & Ross,Abu Dhabi,,"&nbsp;...We are looking for an experienced Electrical QA/QC <b>Engineer </b>to oversee and ensure the quality of electrical installation works for a <b>Data </b>Center / Mission Critical project.  The role will be responsible for implementing project QA/QC procedures, conducting inspections...&nbsp;",,2026-09-17T00:00:00.0000000,https://ae.jooble.org/desc/-3117280488670635205?ckey=data+analyst+data+scientist+data+engineer&rgn=0&pos=37&elckey=2448638047395019015&p=1&aq=4161589712280518678&cid=111&jobAge=335&relb=100&brelb=100&bscr=2840.1377&scr=2840.1377,manatal.com,2026-09-30T19:44:10.138537+00:00
4450054865499966829,DATA CENTER COMMISSIONING ENGINEER - ELECTRICAL,Duncan & Ross,Abu Dhabi,,"&nbsp;...We are seeking an experienced <b>Data </b>Center Commissioning <b>Engineer </b>– Electrical to support electrical commissioning activities. The candidate will coordinate electrical commissioning activities, system preparation, testing, energization, start-up and handover in accordance...&nbsp;",,2026-09-16T00:00:00.0000000,https://ae.jooble.org/desc/4450054865499966829?ckey=data+analyst+data+scientist+data+engineer&rgn=0&pos=35&elckey=2448638047395019015&p=1&aq=4161589712280518678&cid=111&jobAge=359&relb=100&brelb=100&bscr=3017.6853&scr=3017.6853,manatal.com,2026-09-30T19:44:10.138527+00:00
-6810287616202198624,Software Engineer - Wealth Management (Advent & .NET),one75mbhrm pvt ltd,Dubai,,"&nbsp;...<b>Software Engineer </b>- Wealth Management (Advent & .NET) Domain:  Wealth Management (Trading, Mutual Funds, etc.)
 Core Requirements: 
 Strong...&nbsp;&nbsp;...of products within the wealth management domain. 
 <b>Develop </b>and maintain software solutions utilizing Advent and .NET technologies...&nbsp;",,2026-09-16T00:00:00.0000000,https://ae.jooble.org/desc/-6810287616202198624?ckey=software+engineer+developer&rgn=0&pos=11&elckey=3279470198409636880&p=1&aq=-9149584179154696749&cid=111&jobAge=359&relb=100&brelb=100&bscr=3709.3135&scr=3709.3135,flowmingo.ai,2026-09-30T19:44:09.463000+00:00
-2016985509675602070,"Cybersecurity Engineer - PAM, DLP & Email Security",TALENT ONE EMPLOYMENT SERVICES,Dubai,,"&nbsp;...Employment Type:  Contract 
 Department:  <b>Cybersecurity </b>/ SecOps 

 Job Summary 
 We are...&nbsp;&nbsp;...data across endpoints, email, web, <b>cloud </b>applications, USB, print, and...&nbsp;&nbsp;...Bachelor’s degree in <b>IT,</b> Cybersecurity, <b>Computer Science,</b> or related field. 
 Minimum 3–5 years...&nbsp;",,2026-09-15T00:00:00.0000000,https://ae.jooble.org/desc/-2016985509675602070?ckey=IT+cybersecurity+cloud+AI+computer+science&rgn=0&pos=12&elckey=4393203855637880000&p=1&aq=-8560852774840018275&cid=111&jobAge=383&relb=100&brelb=100&bscr=3556.2644&scr=3556.2644,zoho.com,2026-09-30T19:44:10.610873+00:00
-2168632879930806283,Cloud Migration Architect - Healthcare Systems,TALENT ONE EMPLOYMENT SERVICES,Dubai,,"&nbsp;...Cerner Millennium clinical systems to Oracle <b>Cloud </b>Infrastructure (OCI). The role will...&nbsp;&nbsp;...Design OCI landing-zone architecture covering <b>compute,</b> network, storage, IAM, and security....&nbsp;&nbsp;...Requirements 
 Bachelor’s degree in Computer <b>Science,</b> Information Systems, or related field....&nbsp;",,2026-09-15T00:00:00.0000000,https://ae.jooble.org/desc/-2168632879930806283?ckey=IT+cybersecurity+cloud+AI+computer+science&rgn=0&pos=40&elckey=4393203855637880000&p=1&aq=-8560852774840018275&cid=111&jobAge=383&relb=100&brelb=100&bscr=2861.315&scr=2861.315,zoho.com,2026-09-30T19:44:10.611002+00:00
-5867145870832471258,Data Entry,The Career CEO,"Deira, Dubai",,"&nbsp;...We are Recruiting

<b>Data </b>Entry
Admin Assistant

Compensation:
1100 AED (Full-Time) |670 AED (Part-Time)
Assist with online operation
Comprehensive onboarding training system
Opportunities for promotion and salary increase for outstanding performance

Requirements...&nbsp;",AED400 - 650 per day,2026-09-11T16:51:57.0000000,https://ae.jooble.org/desc/-5867145870832471258?ckey=data+analyst+data+scientist+data+engineer&rgn=0&pos=34&elckey=2448638047395019015&p=1&aq=4161589712280518678&cid=111&jobAge=462&relb=140&brelb=100&bscr=2170.3645&scr=3038.5103000000004,jooble,2026-09-30T19:44:10.138523+00:00
-3470061208983184916,BID MANAGER (AI-AUGMENTED),Black Pearl Consult,Abu Dhabi,,"&nbsp;...specializing in high-performance <b>computing,</b> advanced networking, and <b>cloud/cybersecurity </b>solutions tailored for...&nbsp;&nbsp;...who leverages <b>AI-</b>augmented tools to accelerate...&nbsp;&nbsp;...Information Technology, Computer <b>Science,</b> Computer Engineering,...&nbsp;&nbsp;...experience in the <b>IT/</b>ICT industry, with a strong...&nbsp;",,2026-09-10T00:00:00.0000000,https://ae.jooble.org/desc/-3470061208983184916?ckey=IT+cybersecurity+cloud+AI+computer+science&rgn=0&pos=13&elckey=4393203855637880000&p=1&aq=-8560852774840018275&cid=111&jobAge=503&relb=100&brelb=100&bscr=3526.3652&scr=3526.3652,zoho.com,2026-09-30T19:44:10.610877+00:00
817816236222121617,AMOS Software Trainer,Swiss AviationSoftware,Dubai,,"&nbsp;...digital transformation of the aviation industry in technical asset operation. As the <b>developer </b>of the world's leading <b>software </b>AMOS, Swiss-AS manages successfully maintenance, <b>engineering </b>and logistics requirements of modern airlines. To strengthen our position at the...&nbsp;",,2026-09-08T03:16:46.7270000,https://ae.jooble.org/desc/817816236222121617?ckey=software+engineer+developer&rgn=0&pos=26&elckey=3279470198409636880&p=1&aq=-9149584179154696749&cid=111&jobAge=551&relb=100&brelb=100&bscr=3009.2554&scr=3009.2554,teamtailor.com,2026-09-30T19:44:09.463062+00:00
-4601353355214957189,AI Engineer - Security,TechBiz Global GmbH,Dubai,,"&nbsp;...proactive and detail-oriented  <b>AI </b>Engineer - Security    to...&nbsp;&nbsp;...threats. 
- Collaborate with <b>cybersecurity </b>teams to integrate AI...&nbsp;&nbsp;...Bachelor’s or Master’s degree in <b>Computer Science,</b> Data Science, Cybersecurity...&nbsp;&nbsp;...engineering. 
- Familiarity with <b>cloud </b>platforms (AWS, Azure, or...&nbsp;",,2026-09-08T00:00:00.0000000,https://ae.jooble.org/desc/-4601353355214957189?ckey=IT+cybersecurity+cloud+AI+computer+science&rgn=0&pos=17&elckey=4393203855637880000&p=1&aq=-8560852774840018275&cid=111&jobAge=551&relb=100&brelb=100&bscr=3373.6592&scr=3373.6592,recruitee.com,2026-09-30T19:44:10.610893+00:00
4566673182221668794,Data Scientist Senior | Abu Dhabi,Bemobile,Abu Dhabi,,"&nbsp;...hacemos. 
 En estos momentos buscamos incorporar un/a  <b>Data Scientist </b>Senior  con disponibilidad para trabajar...&nbsp;&nbsp;...validación. 
 Colaborarás de forma estrecha con Data <b>Engineers,</b> Software Engineers, <b>Analysts </b>y otros Data Scientists del equipo. 
 Interactuarás...&nbsp;",,2026-09-08T00:00:00.0000000,https://ae.jooble.org/desc/4566673182221668794?ckey=data+analyst+data+scientist+data+engineer&rgn=0&pos=14&elckey=2448638047395019015&p=1&aq=4161589712280518678&cid=111&jobAge=551&relb=100&brelb=100&bscr=4167.4526&scr=4167.4526,viterbit.com,2026-09-30T19:44:10.138374+00:00
-1160634685561187574,Data & Solutions Engineer,Systematic,Abu Dhabi,,"&nbsp;...Join our UAE Defence Services team and help transform complex military <b>data </b>into actionable insights that support mission-critical decision-making. You will work at the intersection of data <b>engineering,</b> Artificial Intelligence (AI) including agentic, and system...&nbsp;",,2026-09-07T00:00:00.0000000,https://ae.jooble.org/desc/-1160634685561187574?ckey=data+analyst+data+scientist+data+engineer&rgn=0&pos=43&elckey=2448638047395019015&p=1&aq=4161589712280518678&cid=111&jobAge=575&relb=100&brelb=100&bscr=2798.4194&scr=2798.4194,systematic.com,2026-09-30T19:44:10.138560+00:00
1634579972058723461,IT Technical Support,Smartline Information Technology,Umm al-Quwain,,"&nbsp;...Job Description:  We are seeking a dedicated <b>IT </b>Technical Support professional to join our dynamic team. As an IT Technical Support...&nbsp;&nbsp;...Requirements 
 Bachelor's degree in Information Technology, <b>Computer Science,</b> or related field. 
 At least 2 years of experience in IT...&nbsp;",AED1200 - 1800 per month,2026-09-07T00:00:00.0000000,https://ae.jooble.org/desc/1634579972058723461?ckey=IT+cybersecurity+cloud+AI+computer+science&rgn=0&pos=37&elckey=4393203855637880000&p=1&aq=-8560852774840018275&cid=111&jobAge=575&relb=100&brelb=100&bscr=2908.7095&scr=2908.7095,talentmate.com,2026-09-30T19:44:10.610988+00:00
5606656150007668156,JUNIOR COMMISSIONING ENGINEER ELECTRICAL - DATA CENTER,Duncan & Ross,Abu Dhabi,,"&nbsp;...We are seeking a Junior Commissioning <b>Engineer </b>(Electrical) to support the commissioning of a 200MW <b>data </b>center project. This role focuses on verifying that electrical distribution and power systems meet design intent, code requirements, and the Owner's Project Requirements...&nbsp;",,2026-09-07T00:00:00.0000000,https://ae.jooble.org/desc/5606656150007668156?ckey=data+analyst+data+scientist+data+engineer&rgn=0&pos=49&elckey=2448638047395019015&p=1&aq=4161589712280518678&cid=111&jobAge=575&relb=100&brelb=100&bscr=2713.7449&scr=2713.7448999999997,manatal.com,2026-09-30T19:44:10.138585+00:00
7781666352603439194,Junior Software Engineer,Dofort Biztech LLC,Dubai,,"&nbsp;...Job Description:  We are seeking a motivated  Junior <b>Software Engineer </b> to join our engineering team.    In this role, you will work under...&nbsp;&nbsp;...contribute to the end-to-end software development lifecycle while continuously <b>developing </b>your technical skills. 
 Requirements:...&nbsp;",AED3000 - 4000 per month,2026-09-04T00:00:00.0000000,https://ae.jooble.org/desc/7781666352603439194?ckey=software+engineer+developer&rgn=0&pos=7&elckey=3279470198409636880&p=1&aq=-9149584179154696749&cid=111&jobAge=647&relb=100&brelb=100&bscr=4001.1497&scr=4001.1497,talentmate.com,2026-09-30T19:44:09.462971+00:00
-9210604381777212959,Data Engineer-OCI Data Lakehouse (DLH),Praxis Consultants,Dubai,,"Full Time
Posted 4 weeks ago
We are looking for an experienced <b>Data Engineer </b>-OCI Data Lakehouse (DLH) to join our Data Management Office and support enterprise-scale Oracle Cloud Infrastructure (OCI) Data Engineering and Data Lakehouse projects.
The ideal candidate...&nbsp;",,2026-09-01T00:00:00.0000000,https://ae.jooble.org/jdp/-9210604381777212959?ckey=data+analyst+data+scientist+data+engineer&rgn=0&pos=48&elckey=2448638047395019015&p=1&aq=4161589712280518678&cid=111&jobAge=719&relb=100&brelb=100&bscr=2716.821&scr=2716.821,Praxis Consultants,2026-09-30T19:44:10.138581+00:00
-335386014927370711,AI Engineer,Swedish Technology,Abu Dhabi,,"&nbsp;...highly motivated and skilled <b>AI </b>Engineer to join our dynamic...&nbsp;&nbsp;...enhance performance and reduce <b>computational </b>resources. 
 Conduct code...&nbsp;&nbsp;...Bachelor’s degree in Computer <b>Science,</b> Data Science, Engineering, or...&nbsp;&nbsp;...PyTorch. 
 Experience with <b>cloud </b>platforms such as AWS, Azure,...&nbsp;",,2026-09-01T00:00:00.0000000,https://ae.jooble.org/desc/-335386014927370711?ckey=IT+cybersecurity+cloud+AI+computer+science&rgn=0&pos=26&elckey=4393203855637880000&p=1&aq=-8560852774840018275&cid=111&jobAge=719&relb=100&brelb=100&bscr=3027.8574&scr=3027.8574,talentmate.com,2026-09-30T19:44:10.610930+00:00
6113601245939698537,Software Developer / Engineering Automation Developer,Swedish Technology,Abu Dhabi,,"&nbsp;...Job Description:  Job Summary 
 We are looking for an experienced  <b>Software Developer / Engineering </b>Automation Developer  with strong hands-on experience in  Autodesk Revit, AutoCAD, and Esri ArcGIS  . 
 The ideal candidate will develop plugins, automation tools, engineering...&nbsp;",AED5000 - 9000 per month,2026-09-01T00:00:00.0000000,https://ae.jooble.org/desc/6113601245939698537?ckey=software+engineer+developer&rgn=0&pos=1&elckey=3279470198409636880&p=1&aq=-9149584179154696749&cid=111&jobAge=719&relb=100&brelb=100&bscr=5717.755&scr=5717.755,talentmate.com,2026-09-30T19:44:09.462919+00:00
-8156946788340660010,Software Engineer - Wealth Management,one75mbhrm pvt ltd,Dubai,,"&nbsp;...We are seeking a skilled <b>Software Engineer </b>with expertise in Wealth Management to join our team in Dubai. This role involves taking end-to-end ownership of software solutions within the wealth management domain.
 Key Responsibilities & Domain Expertise 
 Wealth Management...&nbsp;",,2026-08-29T00:00:00.0000000,https://ae.jooble.org/desc/-8156946788340660010?ckey=software+engineer+developer&rgn=0&pos=17&elckey=3279470198409636880&p=1&aq=-9149584179154696749&cid=111&jobAge=791&relb=100&brelb=100&bscr=3421.492&scr=3421.492,flowmingo.ai,2026-09-30T19:44:09.463025+00:00
3440988997815094249,Senior Data Engineer,NorthBay Solutions,Abu Dhabi,,"&nbsp;...Job Summary 
 We are seeking an experienced  Senior <b>Data Engineer </b> with 8–10+ years of experience  in designing, developing...&nbsp;&nbsp;...reliability. 
 Collaborate with business stakeholders, data <b>analysts,</b> data <b>scientists,</b> and application teams to understand data requirements and...&nbsp;",,2026-08-27T00:00:00.0000000,https://ae.jooble.org/desc/3440988997815094249?ckey=data+analyst+data+scientist+data+engineer&rgn=0&pos=23&elckey=2448638047395019015&p=1&aq=4161589712280518678&cid=111&jobAge=839&relb=100&brelb=100&bscr=3657.699&scr=3657.699,jazzhr.com,2026-09-30T19:44:10.138460+00:00
-3223617169983827843,AI Software Engineer,one75mbhrm pvt ltd,Dubai,,"&nbsp;...Job Summary
 We are seeking a highly skilled and experienced AI <b>Software Engineer </b>to join our dynamic team. In this role, you will be instrumental in designing, <b>developing,</b> and optimizing cutting-edge AI-powered products within a banking environment. You will collaborate...&nbsp;",,2026-08-22T00:00:00.0000000,https://ae.jooble.org/desc/-3223617169983827843?ckey=software+engineer+developer&rgn=0&pos=12&elckey=3279470198409636880&p=1&aq=-9149584179154696749&cid=111&jobAge=959&relb=100&brelb=100&bscr=3658.6748&scr=3658.6748,flowmingo.ai,2026-09-30T19:44:09.463004+00:00
3433345407604985498,SQL Developer (Emirati Nationals Only),Talents of Endearment Careers,Dubai,,"&nbsp;...We are seeking a  skilled SQL <b>Developer </b>for our client to design, develop, and optimize...&nbsp;&nbsp;...industry standards. 
 Collaborate with <b>engineering </b>teams to align database solutions with...&nbsp;&nbsp;...Computer Science, Information Technology, <b>Software </b>Engineering, or a related field....&nbsp;",AED12000 - 28000 per month,2026-08-22T00:00:00.0000000,https://ae.jooble.org/desc/3433345407604985498?ckey=software+engineer+developer&rgn=0&pos=42&elckey=3279470198409636880&p=1&aq=-9149584179154696749&cid=111&jobAge=959&relb=100&brelb=100&bscr=2581.4565&scr=2581.4565,zoho.com,2026-09-30T19:44:09.463131+00:00
-242893705914000325,Cybersecurity specialist,Raqmiyat,Dubai,,"&nbsp;...protection. 
# Implementing and managing security controls within <b>cloud </b>environments, such as AWS, Azure, or Google Cloud. 
#...&nbsp;&nbsp;...Technical Expertise:  Proficiency in IoT protocols, cloud platforms, <b>cybersecurity </b>frameworks, and encryption methods. 
# Certifications:...&nbsp;",,2026-08-20T00:00:00.0000000,https://ae.jooble.org/desc/-242893705914000325?ckey=IT+cybersecurity+cloud+AI+computer+science&rgn=0&pos=31&elckey=4393203855637880000&p=1&aq=-8560852774840018275&cid=111&jobAge=1007&relb=100&brelb=100&bscr=2986.206&scr=2986.206,zoho.com,2026-09-30T19:44:10.610964+00:00
-8332354029275322586,IT Assistant Manager - Emiratization,Peergrowth Consultancy Co.,Dubai,,"&nbsp;...hire an  Assistant Manager – <b>IT </b>(Business Applications) to...&nbsp;&nbsp;...teams, business stakeholders, <b>cybersecurity </b>teams, and external...&nbsp;&nbsp;...Bachelor's degree in  IT, <b>Computer Science,</b> Computer Engineering  , or...&nbsp;&nbsp;...system administration, and <b>cloud </b>computing. 
 Strong analytical...&nbsp;",,2026-08-13T16:10:52.3470000,https://ae.jooble.org/desc/-8332354029275322586?ckey=IT+cybersecurity+cloud+AI+computer+science&rgn=0&pos=34&elckey=4393203855637880000&p=1&aq=-8560852774840018275&cid=111&jobAge=1175&relb=100&brelb=100&bscr=2945.8862&scr=2945.8862,manatal.com,2026-09-30T19:44:10.610977+00:00
-8621018544083034877,Senior Full Stack Software Engineer (AI-Augmented),Housecall,Abu Dhabi,,"&nbsp;...About the Role 

 We're a healthcare technology provider looking for a Senior Full Stack <b>Software Engineer </b>who combines solid software engineering fundamentals with modern AI-assisted development practices. 

 You'll work within a cross-functional product team to design...&nbsp;",,2026-08-13T00:00:00.0000000,https://ae.jooble.org/desc/-8621018544083034877?ckey=software+engineer+developer&rgn=0&pos=43&elckey=3279470198409636880&p=1&aq=-9149584179154696749&cid=111&jobAge=1175&relb=100&brelb=100&bscr=2574.957&scr=2574.957,zoho.com,2026-09-30T19:44:09.463135+00:00
1972118905364465117,Data Classification Engineer,NorthBay Solutions,Abu Dhabi,,"&nbsp;...Position: <b>Data </b>Classification <b>Engineer </b>
 Location: Abu Dhabi (Onsite)
 Required Experience: 6+ years 
 Salary Range: AED 15,000-16,000
 Summary: 
 We are looking for a Data Classification Engineer to help manage how we organize and secure our data. In this role,...&nbsp;",,2026-08-12T00:00:00.0000000,https://ae.jooble.org/desc/1972118905364465117?ckey=data+analyst+data+scientist+data+engineer&rgn=0&pos=38&elckey=2448638047395019015&p=1&aq=4161589712280518678&cid=111&jobAge=1199&relb=100&brelb=100&bscr=2835.5264&scr=2835.5264,jazzhr.com,2026-09-30T19:44:10.138540+00:00
170814806765980718,Cybersecurity Specialist,3CIX-LTD,Dubai,,"&nbsp;...seeking two highly skilled and experienced <b>Cybersecurity </b>Specialists to join our dynamic team...&nbsp;&nbsp;...cybersecurity roles. 
• Bachelor of <b>Science </b>degree in <b>Computer </b>Science, Cybersecurity, or...&nbsp;&nbsp;...CompTIA Security+. 
• Experience with <b>cloud </b>security principles and practices....&nbsp;",,2026-07-20T00:00:00.0000000,https://ae.jooble.org/desc/170814806765980718?ckey=IT+cybersecurity+cloud+AI+computer+science&rgn=0&pos=15&elckey=4393203855637880000&p=1&aq=-8560852774840018275&cid=111&jobAge=1751&relb=100&brelb=100&bscr=3473.9758&scr=3473.9758,3cix.com,2026-09-30T19:44:10.610885+00:00
7136544810106421773,Backend Developer L2,Edenred UAE,Dubai,,"&nbsp;...grow and evolve, we are seeking a talented Level 2 .Net Backend <b>Developer </b>to join our dynamic team. 
 About You 
 As a .Net Backend...&nbsp;&nbsp;...Responsibilities 
 Assist in designing and developing <b>software </b>solutions under guidance. 
 Work with the team to implement experiments...&nbsp;",,2026-07-02T19:42:15.3070000,https://ae.jooble.org/desc/7136544810106421773?ckey=software+engineer+developer&rgn=0&pos=50&elckey=3279470198409636880&p=1&aq=-9149584179154696749&cid=111&jobAge=2164&relb=100&brelb=100&bscr=2356.6523&scr=2356.6523,teamtailor.com,2026-09-30T19:44:09.463164+00:00
7388351691571751978,Director - Data and Intelligence,GMG,Dubai,,"&nbsp;...Role Summary: 
 We are seeking a visionary Director of <b>Data </b>and Intelligence to lead our data strategy, analytics, and...&nbsp;&nbsp;...usage of AI at GMG 
• Lead a high-performing team of data <b>scientists, engineers,</b> and <b>analysts </b>to deliver actionable insights. 
• Partner with the...&nbsp;",,2026-06-24T19:16:30.2770000,https://ae.jooble.org/desc/7388351691571751978?ckey=data+analyst+data+scientist+data+engineer&rgn=0&pos=50&elckey=2448638047395019015&p=1&aq=4161589712280518678&cid=111&jobAge=2356&relb=100&brelb=100&bscr=2708.295&scr=2708.295,teamtailor.com,2026-09-30T19:44:10.138589+00:00
-5866502455181643514,"Software Engineer, Trading Platform (AI-Native)",NEXT Ventures,Dubai,,"&nbsp;...Rithmic and CQG, and build configurable rule <b>engines </b>that enable risk and operations teams to...&nbsp;&nbsp;...copy trading, and hedging violations 
 <b>Develop </b>configurable risk management systems...&nbsp;&nbsp;...What You Bring 
~5+ years of <b>software </b>engineering experience with strong backend...&nbsp;",,2026-06-19T00:00:00.0000000,https://ae.jooble.org/desc/-5866502455181643514?ckey=software+engineer+developer&rgn=0&pos=30&elckey=3279470198409636880&p=1&aq=-9149584179154696749&cid=111&jobAge=2495&relb=100&brelb=100&bscr=2895.301&scr=2895.301,recruitee.com,2026-09-30T19:44:09.463079+00:00
6862703085204188105,Data Scientist - Telecom Industry - Dubai,Gentis Recruitment,United Arab Emirates,,"&nbsp;...The <b>Data Analyst </b>/ Data <b>Scientist </b>plays a critical role in transforming raw data into actionable insights that drive strategic decision-making...&nbsp;&nbsp;...learning principles 
 Bachelor's degree in Computer Science, <b>Engineering,</b> Data Science, or a related field (Master's degree...&nbsp;",,2026-04-14T00:00:00.0000000,https://ae.jooble.org/desc/6862703085204188105?ckey=data+analyst+data+scientist+data+engineer&rgn=0&pos=8&elckey=2448638047395019015&p=1&aq=4161589712280518678&cid=111&jobAge=4079&relb=100&brelb=100&bscr=4349.364&scr=4349.364,gentis.com,2026-09-30T19:44:10.138349+00:00
-8389452268142554387,IT Infrastructure Manager,Gentis Recruitment,United Arab Emirates,,"&nbsp;...The <b>IT </b>Infrastructure Manager is responsible for planning, implementing, managing...&nbsp;&nbsp;...Required: 
~ Bachelor's degree in IT, <b>Computer Science,</b> or related field 
~5+ years of experience...&nbsp;&nbsp;...Experience with LAN/WAN, VPN, WLAN, and <b>cloud </b>platforms (Azure preferred)
~ Knowledge...&nbsp;",,2026-04-14T00:00:00.0000000,https://ae.jooble.org/desc/-8389452268142554387?ckey=IT+cybersecurity+cloud+AI+computer+science&rgn=0&pos=48&elckey=4393203855637880000&p=1&aq=-8560852774840018275&cid=111&jobAge=4079&relb=100&brelb=100&bscr=2792.5305&scr=2792.5305,gentis.com,2026-09-30T19:44:10.611037+00:00
-4790548435103416514,Lead Backend Developer,Trackline Marketing,Dubai,,"Job Title - Lead Backend <b>Developer </b> We are seeking an accomplished Lead Backend Developer...&nbsp;&nbsp;...culture of continuous improvement and <b>engineering </b>excellence.   
 Qualifications & Experience...&nbsp;&nbsp;...Bachelors degree in Computer Science, <b>Software </b>Engineering, or a related field.   
~8...&nbsp;",,2025-12-23T03:16:10.7270000,https://ae.jooble.org/desc/-4790548435103416514?ckey=software+engineer+developer&rgn=0&pos=44&elckey=3279470198409636880&p=1&aq=-9149584179154696749&cid=111&jobAge=6764&relb=100&brelb=100&bscr=2565.3987&scr=2565.3987,teamtailor.com,2026-09-30T19:44:09.463139+00:00
6894438153558238921,Data Analyst - Onchain,Trackline Marketing,United Arab Emirates,,"<b>Data Analyst,</b> Onchain  At Kraken, onchain data isn't just numbers, it's the pulse of crypto. The Onchain team lives where code meets capital...&nbsp;&nbsp;...products, markets, and user segments.   
 Collaborate with <b>engineers </b>to scale onchain data pipelines and improve data quality and...&nbsp;",,2025-12-22T19:15:45.8700000,https://ae.jooble.org/desc/6894438153558238921?ckey=data+analyst+data+scientist+data+engineer&rgn=0&pos=21&elckey=2448638047395019015&p=1&aq=4161589712280518678&cid=111&jobAge=6772&relb=100&brelb=100&bscr=3679.445&scr=3679.445,teamtailor.com,2026-09-30T19:44:10.138452+00:00
3436735041989516169,IT Technician,YOSH,Abu Dhabi,,"&nbsp;...professional to join our team as an <b>IT </b>Technician. If you thrive in...&nbsp;&nbsp;..., configure, and maintain <b>computer </b>hardware, software, networks,...&nbsp;&nbsp;...systems. 
 Familiarity with <b>cloud-</b>based platforms (e.g., Office...&nbsp;&nbsp;...current technology trends, <b>cybersecurity </b>threats, and best practices...&nbsp;",,2025-09-30T03:24:48.4400000,https://ae.jooble.org/desc/3436735041989516169?ckey=IT+cybersecurity+cloud+AI+computer+science&rgn=0&pos=29&elckey=4393203855637880000&p=1&aq=-8560852774840018275&cid=111&jobAge=8780&relb=100&brelb=100&bscr=3008.066&scr=3008.066,teamtailor.com,2026-09-30T19:44:10.610943+00:00
590010653168491872,Software Development Engineer (Backend),InvestSky,Dubai,,"&nbsp;...Strong computer science fundamentals in system design, data structures, algorithms. 
 Strong proficiency in Database Design and <b>Software </b>Architecture. 
 Strong expertise in Python 
 Experience with writing and maintaining unit tests. 
 Strong proficiency in server...&nbsp;",,2025-09-23T03:33:59.5400000,https://ae.jooble.org/desc/590010653168491872?ckey=software+engineer+developer&rgn=0&pos=23&elckey=3279470198409636880&p=1&aq=-9149584179154696749&cid=111&jobAge=8948&relb=100&brelb=100&bscr=3093.6672&scr=3093.6672,teamtailor.com,2026-09-30T19:44:09.463050+00:00
-9101261451141926768,Software Engineer - Level Shoes,Chalhoub Group,Dubai,,"&nbsp;...What you'll be doing  
 We are looking for a Server-Side Swift <b>Developer </b>to join the backend team at Level Shoes. The team builds and...&nbsp;&nbsp;...What you’ll need to succeed  
~6+ years of professional <b>software </b>development experience, including at least 3 years building...&nbsp;",,2026-09-19T00:16:33.6993158+00:00,https://ae.jooble.org/desc/-9101261451141926768?ckey=software+engineer+developer&rgn=0&pos=5&elckey=3279470198409636880&p=1&aq=-9149584179154696749&cid=111&jobAge=287&relb=100&brelb=100&bscr=4253.44&scr=4253.44,teamtailor.com,2026-09-30T19:44:09.462961+00:00
-583073862718738632,"Senior Software Engineer, iOS",Wikimedia Foundation,Remote,,"&nbsp;...Summary  The Wikimedia Foundation is looking for a Senior <b>Software Engineer,</b> iOS to join the App Growth team within the Core Experiences engineering group on a 3-month full time contract. 
 The App Growth team has a clear and ambitious goal: make the apps the destination...&nbsp;",,2026-09-30T14:50:01.5054006+00:00,https://ae.jooble.org/desc/-583073862718738632?ckey=software+engineer+developer&rgn=0&pos=8&elckey=3279470198409636880&p=1&aq=-9149584179154696749&cid=111&jobAge=23&relb=100&brelb=100&bscr=3923.6125&scr=3923.6125,codingjobboard.com,2026-09-30T19:44:09.462980+00:00
6373124126539994139,Senior Software Engineer,Property Finder,Dubai,,"&nbsp;...007, Property Finder has evolved into a trusted partner for <b>developers,</b> brokers, and home seekers. As a lighthouse tech company, it...&nbsp;&nbsp;...estate in MENA. 
 About the Role 
 We're looking for a Senior <b>Software Engineer </b>to join the team building the services behind the region's...&nbsp;",,2026-08-28T16:30:18.6843279+00:00,https://ae.jooble.org/desc/6373124126539994139?ckey=software+engineer+developer&rgn=0&pos=9&elckey=3279470198409636880&p=1&aq=-9149584179154696749&cid=111&jobAge=799&relb=100&brelb=100&bscr=3837.9502&scr=3837.9502,teamtailor.com,2026-09-30T19:44:09.462986+00:00
1612272545764642047,Software Engineer,Murphy AI,Dubai,,"&nbsp;...with top-tier banks. And now we need to move fast to  secure leadership in this $300Bn+ industry  . 
 About the Role 
 As a  <b>Software Engineer </b> , your  mission  is to  own  real problems  end-to-end  , from design to production, on a platform designed to scale natively...&nbsp;",,2026-08-29T00:26:14.4582477+00:00,https://ae.jooble.org/desc/1612272545764642047?ckey=software+engineer+developer&rgn=0&pos=10&elckey=3279470198409636880&p=1&aq=-9149584179154696749&cid=111&jobAge=791&relb=100&brelb=100&bscr=3787.1008&scr=3787.1008,teamtailor.com,2026-09-30T19:44:09.462995+00:00
6298073845640874054,Software Engineer - Full Stack,Property Finder,Dubai,,"&nbsp;...007, Property Finder has evolved into a trusted partner for <b>developers,</b> brokers, and home seekers. As a lighthouse tech company, it...&nbsp;&nbsp;...estate in MENA. 

 About this role 
 We're looking for a <b>Software Engineer </b>to join the team building PF Scout, Property Finder's conversational...&nbsp;",,2026-09-01T00:18:06.1216897+00:00,https://ae.jooble.org/desc/6298073845640874054?ckey=software+engineer+developer&rgn=0&pos=13&elckey=3279470198409636880&p=1&aq=-9149584179154696749&cid=111&jobAge=719&relb=100&brelb=100&bscr=3645.7512&scr=3645.7512,teamtailor.com,2026-09-30T19:44:09.463008+00:00
5513662452613034058,Software Engineer - Open Source Contributions - Remote,YO AI Labs,Abu Dhabi,,"&nbsp;...<b>Software Engineer </b>— Open Source Contributions  
  Role Type:  Contractor 
 Location:  Remote  
  Seeking experienced  Software Engineers...&nbsp;&nbsp;...AI experience is required.  
  Key Responsibilities  
 
 <b>Develop </b>and implement features in existing open-source projects. 
 Fix...&nbsp;",,2026-09-26T13:15:29.8816414+00:00,https://ae.jooble.org/desc/5513662452613034058?ckey=software+engineer+developer&rgn=0&pos=14&elckey=3279470198409636880&p=1&aq=-9149584179154696749&cid=111&jobAge=119&relb=100&brelb=100&bscr=3632.2505&scr=3632.2505,manatal.com,2026-09-30T19:44:09.463012+00:00
-3179151474881396472,"Senior Robotics Software Engineer, Payload Integration",Anduril Industries,Abu Dhabi,,"&nbsp;...ABOUT THE TEAM 
 The Maneuver Dominance team at Anduril <b>develops </b>operationally relevant, multi-asset autonomy. We are focused...&nbsp;&nbsp;...ecosystem. 
 ABOUT THE JOB 
 We are seeking a Senior Robotics <b>Software Engineer,</b> Omen Payload Integration to join the Maneuver Dominance...&nbsp;",,2026-09-17T08:22:50.0738068+00:00,https://ae.jooble.org/desc/-3179151474881396472?ckey=software+engineer+developer&rgn=0&pos=16&elckey=3279470198409636880&p=1&aq=-9149584179154696749&cid=111&jobAge=327&relb=100&brelb=100&bscr=3553.6165&scr=3553.6165,boards.greenhouse.io,2026-09-30T19:44:09.463021+00:00
-4417640670173431501,Forward Deployed Software Engineer,palantir,Abu Dhabi,,"&nbsp;...Palantir builds the world’s leading <b>software </b>for data-driven decisions and operations...&nbsp;&nbsp;..., our platforms empower our partners to <b>develop </b>lifesaving drugs, forecast supply chain...&nbsp;&nbsp;...The Role 
 
 Forward Deployed Software <b>Engineers </b>(FDSEs) work directly with customers to...&nbsp;",,2026-06-24T11:24:18.7047342+00:00,https://ae.jooble.org/desc/-4417640670173431501?ckey=software+engineer+developer&rgn=0&pos=18&elckey=3279470198409636880&p=1&aq=-9149584179154696749&cid=111&jobAge=2364&relb=100&brelb=100&bscr=3410.72&scr=3410.72,jobs.lever.co,2026-09-30T19:44:09.463029+00:00
-7481069758951374804,"Software Engineer, Traders Experience (AI-Native)",NEXT Ventures,Dubai,,"&nbsp;...and optimize onboarding and purchase flows. Alongside hands-on <b>engineering </b>ownership, you will help define engineering standards and AI-...&nbsp;&nbsp;...continuous improvement 

 What You Bring 
~6+ years of full stack <b>software </b>engineering experience, including leadership or squad...&nbsp;",,2026-09-22T08:17:52.1544138+00:00,https://ae.jooble.org/desc/-7481069758951374804?ckey=software+engineer+developer&rgn=0&pos=19&elckey=3279470198409636880&p=1&aq=-9149584179154696749&cid=111&jobAge=215&relb=100&brelb=100&bscr=3388.731&scr=3388.731,recruitee.com,2026-09-30T19:44:09.463033+00:00
5798240825708065145,CRM Developer,Al Marwan Group,Sharjah,,"&nbsp;...Gas industries. 
 Role Scope 
 We are looking for a  CRM <b>Developer </b> with strong experience in  Core PHP and Laravel  to develop...&nbsp;&nbsp;...Qualifications 
~ Bachelor's degree in Computer Science, <b>Software Engineering,</b> or a related field. 
~3–5 years  of experience in  Core PHP...&nbsp;",,2026-09-17T16:16:29.2967209+00:00,https://ae.jooble.org/desc/5798240825708065145?ckey=software+engineer+developer&rgn=0&pos=20&elckey=3279470198409636880&p=1&aq=-9149584179154696749&cid=111&jobAge=319&relb=100&brelb=100&bscr=3279.552&scr=3279.552,teamtailor.com,2026-09-30T19:44:09.463038+00:00
5116574987599011103,"Software Engineer, Platform - Dubai, United Arab Emirates",Speechify,Dubai,,"&nbsp;...on a real codebase. We aim to finish within a week. 
 The assessment runs in two stages: you'll submit, get real feedback from an <b>engineer </b>on this team, and have time to act on it. Use the tools you use every day. You'll be asked to walk through your reasoning, so...&nbsp;",,2026-09-17T08:23:03.2277861+00:00,https://ae.jooble.org/desc/5116574987599011103?ckey=software+engineer+developer&rgn=0&pos=21&elckey=3279470198409636880&p=1&aq=-9149584179154696749&cid=111&jobAge=327&relb=100&brelb=100&bscr=3257.0715&scr=3257.0715,boards.greenhouse.io,2026-09-30T19:44:09.463042+00:00
2916816525129348437,Product-Minded Software Engineer,elkaso,United Arab Emirates,,"&nbsp;...turns a traditionally ops-heavy GPO business into a scalable <b>software </b>platform. The goal is to make it possible for independent restaurants...&nbsp;&nbsp;...led technical teams through architecture, code review, and <b>engineering </b>standards 
 Why us?
 Competitive salary and meaningful...&nbsp;",,2026-08-11T17:21:05.6024477+00:00,https://ae.jooble.org/desc/2916816525129348437?ckey=software+engineer+developer&rgn=0&pos=24&elckey=3279470198409636880&p=1&aq=-9149584179154696749&cid=111&jobAge=1206&relb=100&brelb=100&bscr=3093.6672&scr=3093.6672,personio.com,2026-09-30T19:44:09.463054+00:00
3804937691389439100,High Performance Computing Software Engineer - Supercomputing,ifm-us,Abu Dhabi,,"&nbsp;...alongside world-class researchers, data scientists, and <b>engineers,</b> tackling the most fundamental and impactful...&nbsp;&nbsp;...science. We’re looking for a  High Performance Computing <b>Software </b>Engineer to help us design, <b>develop,</b> and operate the software systems that run our large-...&nbsp;",,2026-06-24T11:26:51.0045638+00:00,https://ae.jooble.org/desc/3804937691389439100?ckey=software+engineer+developer&rgn=0&pos=27&elckey=3279470198409636880&p=1&aq=-9149584179154696749&cid=111&jobAge=2364&relb=100&brelb=100&bscr=2926.3315&scr=2926.3315,jobs.lever.co,2026-09-30T19:44:09.463066+00:00
-7398831462133162312,Full Stack Developer,NAFFCO,Dubai,,"&nbsp;...Full Stack <b>Developer </b>
 We are looking for a skilled and motivated Full Stack Developer with 3–5 years of experience to join our...&nbsp;&nbsp;...Bachelor’s degree in Computer Science, Information Technology, <b>Software Engineering,</b> or related field. 
~3–5 years of hands-on experience in...&nbsp;",,2026-09-04T00:37:15.8467700+00:00,https://ae.jooble.org/desc/-7398831462133162312?ckey=software+engineer+developer&rgn=0&pos=28&elckey=3279470198409636880&p=1&aq=-9149584179154696749&cid=111&jobAge=647&relb=100&brelb=100&bscr=2914.1025&scr=2914.1025,teamtailor.com,2026-09-30T19:44:09.463070+00:00
-8486429235298472912,Laravel Developer,Confidential,Dubai,,"&nbsp;...based organization is looking for a skilled and motivated Laravel <b>Developer </b>to join its development team. The ideal candidate should have...&nbsp;&nbsp;.... 
• Collaborate with team members to deliver reliable <b>software </b>solutions. 
 Requirements: 
• 4+ years of hands-on experience...&nbsp;",,2026-09-09T20:21:03.9511176+00:00,https://ae.jooble.org/desc/-8486429235298472912?ckey=software+engineer+developer&rgn=0&pos=29&elckey=3279470198409636880&p=1&aq=-9149584179154696749&cid=111&jobAge=527&relb=100&brelb=100&bscr=2899.4592&scr=2899.4592,getgulfjob.com,2026-09-30T19:44:09.463074+00:00
-1679675292670724409,Integration Hardware Developer,Geotab,Dubai,,"&nbsp;...and deliver results! Geotab is seeking an Integration Hardware <b>Developer </b>who will act as our Hardware Subject Matter Expert, supporting...&nbsp;&nbsp;...requirements for our Hardware, Firmware, and Mechanical <b>engineering </b>teams, and leading pilot installations for new integrations. You...&nbsp;",,2026-09-26T08:21:24.0509108+00:00,https://ae.jooble.org/desc/-1679675292670724409?ckey=software+engineer+developer&rgn=0&pos=31&elckey=3279470198409636880&p=1&aq=-9149584179154696749&cid=111&jobAge=111&relb=100&brelb=100&bscr=2876.699&scr=2876.699,boards.greenhouse.io,2026-09-30T19:44:09.463084+00:00
8020724575299172660,Frontend Game Developer,TradesApp,Dubai,,"&nbsp;...Overview 
 We are looking for a technically strong  Frontend Game <b>Developer </b> to build and ship high-quality browser-based casino games...&nbsp;&nbsp;...This is a hands-on role for someone who cares about both  <b>engineering </b>quality and game feel  . 
 What You’ll Do 
 Build browser-based...&nbsp;",AED12000 - 20000 per month,2026-09-15T16:16:28.5146300+00:00,https://ae.jooble.org/desc/8020724575299172660?ckey=software+engineer+developer&rgn=0&pos=32&elckey=3279470198409636880&p=1&aq=-9149584179154696749&cid=111&jobAge=367&relb=100&brelb=100&bscr=2874.9575&scr=2874.9575,teamtailor.com,2026-09-30T19:44:09.463089+00:00
-8994577219447320401,Frontend Developer (Angular),Jaheziya,Abu Dhabi,,"&nbsp;...About the Role 
 <b>Develop </b>and maintain modern, responsive, and data-driven web applications using Angular and related front-end...&nbsp;&nbsp;...Requirements 
·  Bachelor's degree in Computer Science, <b>Software Engineering,</b> Information Technology, or a related field. 
· 3–8 years of...&nbsp;",,2026-09-04T16:31:08.7350843+00:00,https://ae.jooble.org/desc/-8994577219447320401?ckey=software+engineer+developer&rgn=0&pos=33&elckey=3279470198409636880&p=1&aq=-9149584179154696749&cid=111&jobAge=631&relb=100&brelb=100&bscr=2871.2827&scr=2871.2827,teamtailor.com,2026-09-30T19:44:09.463093+00:00
-1989675129287626190,Backend Developer (.NET),Jaheziya,Abu Dhabi,,"&nbsp;...About the Role 
 Design, <b>develop,</b> test, and maintain scalable, secure, and high-performance...&nbsp;&nbsp;...with frontend developers, QA <b>engineers,</b> business analysts, and solution architects...&nbsp;&nbsp;...Bachelor's degree in Computer Science, <b>Software </b>Engineering, Information Technology, or...&nbsp;",,2026-09-04T16:31:02.3011146+00:00,https://ae.jooble.org/desc/-1989675129287626190?ckey=software+engineer+developer&rgn=0&pos=34&elckey=3279470198409636880&p=1&aq=-9149584179154696749&cid=111&jobAge=631&relb=100&brelb=100&bscr=2849.0586&scr=2849.0586,teamtailor.com,2026-09-30T19:44:09.463098+00:00
4870896585562616889,Senior Full Stack Developer,7G Media,Dubai,,"7G Media is looking for an experienced Senior Full Stack <b>Developer </b>to join its on-site team in Dubai. This opportunity is ideal for a skilled <b>software engineer </b>with strong programming fundamentals, excellent analytical thinking, and the ability to work confidently across...&nbsp;",,2026-09-03T20:21:03.1338379+00:00,https://ae.jooble.org/desc/4870896585562616889?ckey=software+engineer+developer&rgn=0&pos=37&elckey=3279470198409636880&p=1&aq=-9149584179154696749&cid=111&jobAge=671&relb=100&brelb=100&bscr=2754.4736&scr=2754.4736,getgulfjob.com,2026-09-30T19:44:09.463110+00:00
-2999668783177682286,[Hiring] QA Automation Engineer / Software Tester Dubai UAE,,Dubai,,"&nbsp;...Position:  QA Automation <b>Engineer / Software </b>Tester
 Date Posted:  25 August 2026
 Industry:  Information Technology / Software Development...&nbsp;&nbsp;...users. 
 The successful candidate will be responsible for <b>developing </b>and executing automated tests, identifying software defects...&nbsp;",AED8000 - 14000 per month,2026-08-25T08:51:00.6697151+00:00,https://ae.jooble.org/desc/-2999668783177682286?ckey=software+engineer+developer&rgn=0&pos=39&elckey=3279470198409636880&p=1&aq=-9149584179154696749&cid=111&jobAge=887&relb=100&brelb=100&bscr=2672.2427&scr=2672.2427,gulfcareerhunt.com,2026-09-30T19:44:09.463118+00:00
-434185876907105069,Senior Full Stack Solution Developer,3i Infotech,Dubai,,"&nbsp;...Infotech is seeking an experienced  Senior Full Stack Solution <b>Developer </b>to join its team in Dubai. This opportunity is ideal for a...&nbsp;&nbsp;...Requirements: 
• Bachelor’s Degree in Computer Science, <b>Software Engineering,</b> Information Technology, or a related field. 
• Strong...&nbsp;",,2026-09-13T20:21:03.5316672+00:00,https://ae.jooble.org/desc/-434185876907105069?ckey=software+engineer+developer&rgn=0&pos=40&elckey=3279470198409636880&p=1&aq=-9149584179154696749&cid=111&jobAge=431&relb=100&brelb=100&bscr=2658.6704&scr=2658.6704,getgulfjob.com,2026-09-30T19:44:09.463123+00:00
6458818144439292790,Web Developer,,Dubai,,"&nbsp;...We are looking for a skilled web <b>developer </b>who will be responsible for developing and/or designing websites for our company. You will...&nbsp;&nbsp;...applications. 
 Web Developer Responsibilities: 
Website and <b>software </b>application designing, building, or maintaining. 
Using scripting...&nbsp;",,2026-08-24T01:11:52.0802769+00:00,https://ae.jooble.org/desc/6458818144439292790?ckey=software+engineer+developer&rgn=0&pos=41&elckey=3279470198409636880&p=1&aq=-9149584179154696749&cid=111&jobAge=911&relb=100&brelb=100&bscr=2623.0012&scr=2623.0012,buzzon.khaleejtimes.com,2026-09-30T19:44:09.463127+00:00
2107651256430422465,Senior Backend Developer (L3),Edenred UAE,Dubai,,"&nbsp;...grow and evolve, we are seeking a talented Senior .Net Backend <b>Developer </b>to join our dynamic team. 
 About You 
 As a Senior Backend...&nbsp;&nbsp;...Responsibilities 
 Lead the design and development of complex <b>software </b>solutions. 
 Collaborate with the team to design and...&nbsp;",,2026-09-04T00:47:30.2542595+00:00,https://ae.jooble.org/desc/2107651256430422465?ckey=software+engineer+developer&rgn=0&pos=45&elckey=3279470198409636880&p=1&aq=-9149584179154696749&cid=111&jobAge=646&relb=100&brelb=100&bscr=2501.8687&scr=2501.8687,teamtailor.com,2026-09-30T19:44:09.463143+00:00
-3015577780421283164,Integration Developer - Market Data connectivity,Luxoft,Abu Dhabi,,"The Integration <b>Developer </b>will be responsible for the design, build, testing, deployment and support of market data connectors feeding the Pricing <b>Engine,</b> with a primary focus on Bloomberg B-PIPE and LSEG Real-Time Market Data System (RTMDS). The scope covers real-time...&nbsp;",,2026-09-22T05:41:15.9455969+00:00,https://ae.jooble.org/desc/-3015577780421283164?ckey=software+engineer+developer&rgn=0&pos=46&elckey=3279470198409636880&p=1&aq=-9149584179154696749&cid=111&jobAge=215&relb=100&brelb=100&bscr=2494.6936&scr=2494.6936,luxoft.com,2026-09-30T19:44:09.463147+00:00
3518015834903835912,[Hiring] Sales Executive - Software / ERP Sales Dubai UAE,,Dubai,,"&nbsp;...Position:  Sales Executive – <b>Software </b>/ ERP Sales
 Date Posted:  September 27, 2026
 Industry:  Software & Technology 
 Employment Type...&nbsp;&nbsp;...encouraged to apply. 
 Key Responsibilities: 
• Generate and <b>develop </b>new B2B sales opportunities within the UAE market. 
• Identify...&nbsp;",AED6000 - 10000 per month,2026-09-27T14:51:00.4614979+00:00,https://ae.jooble.org/desc/3518015834903835912?ckey=software+engineer+developer&rgn=0&pos=47&elckey=3279470198409636880&p=1&aq=-9149584179154696749&cid=111&jobAge=95&relb=100&brelb=100&bscr=2414.0112&scr=2414.0112,gulfcareerhunt.com,2026-09-30T19:44:09.463152+00:00
4116952523453794864,Frontend Developer,Hyrra,Dubai,,"&nbsp;...building a next-generation platform, and we're looking for a Senior Frontend <b>Developer </b>to help shape the experience across both web and mobile. You'll work at the intersection of design and <b>engineering,</b> turning thoughtful UI/UX into interfaces that feel fast, intuitive, and...&nbsp;",,2026-08-17T20:21:04.0901567+00:00,https://ae.jooble.org/desc/4116952523453794864?ckey=software+engineer+developer&rgn=0&pos=48&elckey=3279470198409636880&p=1&aq=-9149584179154696749&cid=111&jobAge=1079&relb=100&brelb=100&bscr=2392.6106&scr=2392.6106,getgulfjob.com,2026-09-30T19:44:09.463155+00:00
7307853638699253515,[Hiring] Oracle EBS Developer Abu Dhabi UAE,,Dubai,,"&nbsp;...Position:  Oracle EBS <b>Developer
</b> Date Posted:  21 September 2026
 Industry:  Information Technology / ERP / <b>Software </b>Development 
 Employment Type:  Full Time 
 Experience:...&nbsp;&nbsp;...Science, Information Technology, Software <b>Engineering,</b> or a related field. Oracle...&nbsp;",AED12000 - 18000 per month,2026-09-21T20:51:02.4282700+00:00,https://ae.jooble.org/desc/7307853638699253515?ckey=software+engineer+developer&rgn=0&pos=49&elckey=3279470198409636880&p=1&aq=-9149584179154696749&cid=111&jobAge=239&relb=100&brelb=100&bscr=2392.577&scr=2392.577,gulfcareerhunt.com,2026-09-30T19:44:09.463159+00:00
1274275926545905198,Data Scientist,Murphy AI,Dubai,,"&nbsp;...00Bn+ industry  . 
 About the Role 
 We're looking for a  <b>Data Scientist </b> to build the Murphy’s brain — the ML that decides who we contact...&nbsp;&nbsp;...Own business-level outcomes.  Collaborate with product, <b>engineering </b>and commercial teams to define solutions and improve the key...&nbsp;",,2026-08-29T00:26:14.4036029+00:00,https://ae.jooble.org/desc/1274275926545905198?ckey=data+analyst+data+scientist+data+engineer&rgn=0&pos=1&elckey=2448638047395019015&p=1&aq=4161589712280518678&cid=111&jobAge=791&relb=100&brelb=100&bscr=5332.614&scr=5332.613999999999,teamtailor.com,2026-09-30T19:44:10.138302+00:00
1471581328558451717,Data Scientist,LeadingEdge HR Solutions,Dubai,,"&nbsp;...Our client is seeking a senior <b>Data Scientist </b>to design and operate high‑quality data pipelines and analytics for business decision‑making...&nbsp;&nbsp;...end‑to‑end. 
 Key Responsibilities: 
 Data Pipelines & <b>Engineering:</b> Build and maintain reliable data ingestion and transformation...&nbsp;",,2026-08-24T20:21:03.1880410+00:00,https://ae.jooble.org/desc/1471581328558451717?ckey=data+analyst+data+scientist+data+engineer&rgn=0&pos=3&elckey=2448638047395019015&p=1&aq=4161589712280518678&cid=111&jobAge=911&relb=100&brelb=100&bscr=5147.9663&scr=5147.9663,getgulfjob.com,2026-09-30T19:44:10.138328+00:00
-319812199082159624,Senior Data Scientist II - Personalization,Careem,Dubai,,"&nbsp;...About The Team: 
 The Personalization team sits within Careem's <b>Data </b>Science organization and owns the AI systems that decide what...&nbsp;&nbsp;...quantitative discipline such as Physics, Statistics, Mathematics, <b>Engineering,</b> or Computer Science. 
~ Solid experience with deep learning...&nbsp;",,2026-09-30T08:21:50.9386152+00:00,https://ae.jooble.org/desc/-319812199082159624?ckey=data+analyst+data+scientist+data+engineer&rgn=0&pos=5&elckey=2448638047395019015&p=1&aq=4161589712280518678&cid=111&jobAge=15&relb=100&brelb=100&bscr=4784.39&scr=4784.39,boards.greenhouse.io,2026-09-30T19:44:10.138337+00:00
-5755533900396644825,Finance Data Analyst Intern,Valentino,Dubai,,"&nbsp;...join us for a 12-month mission and contribute meaningfully to our <b>data-</b>driven journey.  
  Your Mission  
  Embedded within the...&nbsp;&nbsp;...Analytics, or a related field at a leading business school or <b>engineering </b>school.  
  You bring  
 
 A strong analytical mindset with...&nbsp;",,2026-09-30T07:42:12.6701691+00:00,https://ae.jooble.org/desc/-5755533900396644825?ckey=data+analyst+data+scientist+data+engineer&rgn=0&pos=6&elckey=2448638047395019015&p=1&aq=4161589712280518678&cid=111&jobAge=16&relb=110&brelb=110&bscr=4777.437&scr=4777.437,myself.ae,2026-09-30T19:44:10.138342+00:00
7067417351913668552,Forward Deployed Data Scientist Expert,SAP,Dubai,,"&nbsp;...In this role, you design, develop, and apply advanced <b>data </b>science, statistical, and machine learning methods to solve complex, business...&nbsp;&nbsp;...high-value problems, framing them analytically, and <b>engineering </b>robust features and insights. 
 Design, develop, train, and implement...&nbsp;",,2026-09-15T20:21:03.5508049+00:00,https://ae.jooble.org/desc/7067417351913668552?ckey=data+analyst+data+scientist+data+engineer&rgn=0&pos=7&elckey=2448638047395019015&p=1&aq=4161589712280518678&cid=111&jobAge=383&relb=100&brelb=100&bscr=4585.5176&scr=4585.5176,getgulfjob.com,2026-09-30T19:44:10.138345+00:00
1810411273256820041,Forward Deployed Senior Data Scientist,SAP,Dubai,,"&nbsp;...In this role, you will design, develop, and apply advanced <b>data </b>science, statistical, and machine learning methods to solve complex...&nbsp;&nbsp;...that deliver measurable outcomes. Working closely with customers, <b>engineers,</b> and product teams, you will build production-ready machine...&nbsp;",,2026-08-28T20:21:03.1132909+00:00,https://ae.jooble.org/desc/1810411273256820041?ckey=data+analyst+data+scientist+data+engineer&rgn=0&pos=9&elckey=2448638047395019015&p=1&aq=4161589712280518678&cid=111&jobAge=815&relb=100&brelb=100&bscr=4279.4536&scr=4279.4536,getgulfjob.com,2026-09-30T19:44:10.138353+00:00
4598592863265162600,Reporting & Data Analyst,Van Oord,Dubai,,"&nbsp;...Van Oord is seeking a  Reporting & <b>Data Analyst </b> to join its team on a 3-month contract  in the UAE. This opportunity is ideal for professionals who enjoy working with data, creating insightful reports, and developing interactive dashboards that support informed business...&nbsp;",,2026-09-25T20:21:03.6112066+00:00,https://ae.jooble.org/desc/4598592863265162600?ckey=data+analyst+data+scientist+data+engineer&rgn=0&pos=10&elckey=2448638047395019015&p=1&aq=4161589712280518678&cid=111&jobAge=143&relb=100&brelb=100&bscr=4254.0454&scr=4254.0454,getgulfjob.com,2026-09-30T19:44:10.138358+00:00
-4605475509298676422,Senior Data Analyst,MultiBank Group,Dubai,,"&nbsp;...innovation, excellence, and empowering our clients to achieve their financial goals. 
 Role Overview 
 We are seeking a Senior <b>Data Analyst </b>to join our Quantitative Dealing team and take ownership of a growing portfolio of business-critical reporting, analytics, and...&nbsp;",,2026-09-17T15:56:54.7998620+00:00,https://ae.jooble.org/desc/-4605475509298676422?ckey=data+analyst+data+scientist+data+engineer&rgn=0&pos=11&elckey=2448638047395019015&p=1&aq=4161589712280518678&cid=111&jobAge=335&relb=100&brelb=100&bscr=4241.3257&scr=4241.3257,jobsinforex.com,2026-09-30T19:44:10.138362+00:00
5928448898864035262,Associate Data Scientist - Builders Program - (Emirati National),Tamara,Dubai,,"&nbsp;...places you directly into high-impact roles across Product, <b>Engineering,</b> Design, and beyond. You’ll contribute immediately and grow...&nbsp;&nbsp;...’re looking for a fresh graduate or early-career  Associate <b>Data Scientist </b> on a builder path. 
 This role blends product thinking, applied...&nbsp;",,2026-09-17T08:24:27.3621068+00:00,https://ae.jooble.org/desc/5928448898864035262?ckey=data+analyst+data+scientist+data+engineer&rgn=0&pos=13&elckey=2448638047395019015&p=1&aq=4161589712280518678&cid=111&jobAge=327&relb=100&brelb=100&bscr=4171.992&scr=4171.992,boards.greenhouse.io,2026-09-30T19:44:10.138370+00:00
8611512360929444923,Junior Data Analyst,Smart Manpower,Dubai,,"&nbsp;...Smart Manpower is looking for a motivated and analytical Junior <b>Data Analyst </b>to join its team in Dubai, United Arab Emirates. This full-time opportunity is ideal for fresh graduates and professionals with up to two years of experience who are eager to build a career in...&nbsp;",,2026-09-10T20:21:03.6935902+00:00,https://ae.jooble.org/desc/8611512360929444923?ckey=data+analyst+data+scientist+data+engineer&rgn=0&pos=16&elckey=2448638047395019015&p=1&aq=4161589712280518678&cid=111&jobAge=503&relb=100&brelb=100&bscr=4114.4146&scr=4114.4146,getgulfjob.com,2026-09-30T19:44:10.138428+00:00
176244031510432215,Associate Data Analyst (Emirati National),Tamara,Dubai,,"&nbsp;...program places you directly into high-impact roles across Product, <b>Engineering,</b> Design, and beyond. You’ll contribute immediately and grow...&nbsp;&nbsp;...role: 
 We're looking for a fresh graduate or early-career <b>Data Analyst </b>on an analytical engineering path. 
 This role blends the...&nbsp;",,2026-09-17T08:24:27.2613390+00:00,https://ae.jooble.org/desc/176244031510432215?ckey=data+analyst+data+scientist+data+engineer&rgn=0&pos=17&elckey=2448638047395019015&p=1&aq=4161589712280518678&cid=111&jobAge=327&relb=100&brelb=100&bscr=3949.874&scr=3949.874,boards.greenhouse.io,2026-09-30T19:44:10.138435+00:00
-5571374457688653584,"Commercial Graduate Scheme, Junior Data Scientist - Dubai, UAE",Cobblestone Energy`,Dubai,,"&nbsp;...18, we combine deep analytics, advanced <b>data </b>science and agile technology to drive profitable...&nbsp;&nbsp;...traders, risk managers, and software <b>engineers </b>to integrate insights into real-time...&nbsp;&nbsp;...directly into your role as Junior Data <b>Scientist </b>

 
 
 Learn more about Cobblestone...&nbsp;",$65000 per year,2026-09-17T08:27:36.0027723+00:00,https://ae.jooble.org/desc/-5571374457688653584?ckey=data+analyst+data+scientist+data+engineer&rgn=0&pos=18&elckey=2448638047395019015&p=1&aq=4161589712280518678&cid=111&jobAge=327&relb=100&brelb=100&bscr=3874.0244&scr=3874.0244000000002,boards.greenhouse.io,2026-09-30T19:44:10.138440+00:00
-3149469124140097883,[Hiring] Reporting & Data Analyst Dubai UAE,,Dubai,,"&nbsp;...Position:  Reporting & <b>Data Analyst
</b> Date Posted:  September 25, 2026
 Industry:  Marine <b>Engineering </b>/ Construction 
 Employment Type:  3-Month Contract 
 Experience:  Not Specified 
 Qualification:  Bachelor’s Degree in Data Analytics, Computer Science, Information...&nbsp;",AED8000 - 12000 per month,2026-09-25T08:51:02.4855916+00:00,https://ae.jooble.org/desc/-3149469124140097883?ckey=data+analyst+data+scientist+data+engineer&rgn=0&pos=20&elckey=2448638047395019015&p=1&aq=4161589712280518678&cid=111&jobAge=143&relb=100&brelb=100&bscr=3755.3438&scr=3755.3438,gulfcareerhunt.com,2026-09-30T19:44:10.138448+00:00
729315380267669162,Payroll & Data Migration Analyst (Contract),Savills Middle East,Dubai,,"&nbsp;...The Role 
 We are seeking a Payroll & <b>Data </b>Migration <b>Analyst </b>to support a critical 12-month payroll data migration project as part of a Microsoft Dynamics 365 Finance & Operations (F&O) implementation. 
 This role will play a key part in ensuring the accuracy, integrity...&nbsp;",,2026-09-10T00:38:58.5894846+00:00,https://ae.jooble.org/desc/729315380267669162?ckey=data+analyst+data+scientist+data+engineer&rgn=0&pos=22&elckey=2448638047395019015&p=1&aq=4161589712280518678&cid=111&jobAge=503&relb=100&brelb=100&bscr=3670.6106&scr=3670.6106,teamtailor.com,2026-09-30T19:44:10.138456+00:00
-1865638649923011806,Graduate - Data Engineering Specialist إماراتيين (خلاصة القيد),AECOM,Abu Dhabi,,"&nbsp;...become part of a global team of over 50,000 planners, designers, <b>engineers, scientists,</b> digital innovators, program and construction managers and...&nbsp;&nbsp;....  
  Job Description 


 We are looking for Graduate - <b>Data </b>Engineering Specialist to join our AECOM's Graduate Program...&nbsp;",,2026-09-09T17:09:01.9859636+00:00,https://ae.jooble.org/desc/-1865638649923011806?ckey=data+analyst+data+scientist+data+engineer&rgn=0&pos=24&elckey=2448638047395019015&p=1&aq=4161589712280518678&cid=111&jobAge=527&relb=100&brelb=100&bscr=3602.567&scr=3602.567,smartrecruiters.com,2026-09-30T19:44:10.138464+00:00
8715022057613046375,Data Engineer,Akshaya IT Solutions,Dubai,,"&nbsp;...Akshaya IT Solutions is hiring an experienced  <b>Data Engineer </b>for a full-time onsite opportunity in Dubai. This role is ideal for professionals with strong expertise in big data technologies, data pipeline development, and cloud-based data engineering who are ready to work...&nbsp;",,2026-09-13T20:21:03.5249795+00:00,https://ae.jooble.org/desc/8715022057613046375?ckey=data+analyst+data+scientist+data+engineer&rgn=0&pos=25&elckey=2448638047395019015&p=1&aq=4161589712280518678&cid=111&jobAge=431&relb=100&brelb=100&bscr=3554.8716&scr=3554.8716,getgulfjob.com,2026-09-30T19:44:10.138468+00:00
-5800785979330057085,[Hiring] Data Reporting Analyst REMOTE USA,,Dubai,,"&nbsp;...Position:  <b>Data </b>Reporting <b>Analyst
</b> Date Posted:  September 17, 2026
 Industry:  Insurance / Data Analytics 
 Employment Type:  Full Time or Part Time (Remote)
 Experience:  25 Years of Full-Time Work Experience and 10 Recent Years of Property & Casualty Insurance Experience...&nbsp;",,2026-09-17T14:51:03.4716676+00:00,https://ae.jooble.org/desc/-5800785979330057085?ckey=data+analyst+data+scientist+data+engineer&rgn=0&pos=26&elckey=2448638047395019015&p=1&aq=4161589712280518678&cid=111&jobAge=335&relb=100&brelb=100&bscr=3497.085&scr=3497.085,gulfcareerhunt.com,2026-09-30T19:44:10.138474+00:00
-3572845446506773785,[Hiring] Junior Data Analyst Dubai UAE,,Dubai,,"&nbsp;...Position:  Junior <b>Data Analyst
</b> Date Posted:  September 10, 2026
 Industry:  Recruitment / Human Resources 
 Employment Type:  Full Time 
 Experience:  Fresh Graduates or 1–2 years of experience 
 Qualification:  Bachelor’s Degree in Statistics, Business, Information...&nbsp;",AED4000 - 6000 per month,2026-09-10T20:51:03.1103190+00:00,https://ae.jooble.org/desc/-3572845446506773785?ckey=data+analyst+data+scientist+data+engineer&rgn=0&pos=27&elckey=2448638047395019015&p=1&aq=4161589712280518678&cid=111&jobAge=503&relb=100&brelb=100&bscr=3428.8652&scr=3428.8652,gulfcareerhunt.com,2026-09-30T19:44:10.138478+00:00
8987094112630800584,AI Engineer Internship - LLM Data,ifm-us,Abu Dhabi,,"&nbsp;...have the opportunity to work on the core of cutting-edge foundation model training, alongside world-class researchers, <b>data scientists,</b> and <b>engineers,</b> tackling the most fundamental and impactful challenges in AI development. You will participate in the development of groundbreaking...&nbsp;",,2026-09-09T14:30:47.7239751+00:00,https://ae.jooble.org/desc/8987094112630800584?ckey=data+analyst+data+scientist+data+engineer&rgn=0&pos=29&elckey=2448638047395019015&p=1&aq=4161589712280518678&cid=111&jobAge=513&relb=100&brelb=100&bscr=3361.6135&scr=3361.6135,jobs.lever.co,2026-09-30T19:44:10.138503+00:00
2114077249666481567,Research Scientist,ifm-us,Abu Dhabi,,"&nbsp;...have the opportunity to work on the core of cutting-edge foundation model training, alongside world-class researchers, <b>data scientists,</b> and <b>engineers,</b> tackling the most fundamental and impactful challenges in AI development.  You will participate in the development of...&nbsp;",,2026-06-24T11:26:51.0307480+00:00,https://ae.jooble.org/desc/2114077249666481567?ckey=data+analyst+data+scientist+data+engineer&rgn=0&pos=31&elckey=2448638047395019015&p=1&aq=4161589712280518678&cid=111&jobAge=2364&relb=100&brelb=100&bscr=3182.1323&scr=3182.1323,jobs.lever.co,2026-09-30T19:44:10.138511+00:00
-6295905506685495658,[Hiring] Data Analyst REMOTE USA,,Dubai,,"&nbsp;...Position:  <b>Data Analyst </b>(100% Remote)
 Date Posted:  August 17, 2026
 Industry:  Defense / Data Analytics / Government Services 
 Employment Type:  Full Time 
 Experience:  Minimum 5 Years of relevant experience 
 Qualification:  Bachelor’s Degree in Data Analytics...&nbsp;",$90000 - $120000 per year,2026-08-17T14:51:01.5516159+00:00,https://ae.jooble.org/desc/-6295905506685495658?ckey=data+analyst+data+scientist+data+engineer&rgn=0&pos=32&elckey=2448638047395019015&p=1&aq=4161589712280518678&cid=111&jobAge=1079&relb=100&brelb=100&bscr=3118.8809&scr=3118.8809,gulfcareerhunt.com,2026-09-30T19:44:10.138515+00:00
-2804562184631148198,[Hiring] Data Analyst / Product Owner - Data Analytics REMOTE JOB USA,,Dubai,,"&nbsp;...Position:  <b>Data Analyst </b>/ Product Owner – Data Analytics
 Date Posted:  September 5, 2026
 Industry:  Technology / Data Analytics / Enterprise...&nbsp;&nbsp;...AI/ML-driven automation, and collaborate with analysts, <b>engineers,</b> and business stakeholders. This position requires strong...&nbsp;",,2026-09-05T20:51:01.2560897+00:00,https://ae.jooble.org/desc/-2804562184631148198?ckey=data+analyst+data+scientist+data+engineer&rgn=0&pos=33&elckey=2448638047395019015&p=1&aq=4161589712280518678&cid=111&jobAge=623&relb=100&brelb=100&bscr=3079.8396&scr=3079.8396,gulfcareerhunt.com,2026-09-30T19:44:10.138519+00:00
-6686500989540698498,Senior ELV Engineer - Data Centre,global-cxm,Dubai,,"&nbsp;...About CORE Emirates 
 CORE Emirates is a specialist <b>data </b>centre consultancy and commissioning partner supporting the delivery of complex...&nbsp;&nbsp;...We are looking for an experienced  Senior Extra Low Voltage <b>Engineer </b> to take a lead role in the commissioning and validation of Extra...&nbsp;",,2026-09-02T14:29:26.2312427+00:00,https://ae.jooble.org/desc/-6686500989540698498?ckey=data+analyst+data+scientist+data+engineer&rgn=0&pos=41&elckey=2448638047395019015&p=1&aq=4161589712280518678&cid=111&jobAge=681&relb=100&brelb=100&bscr=2815.7427&scr=2815.7427,jobs.lever.co,2026-09-30T19:44:10.138552+00:00
1939246555796312321,Electrical Engineer - CxA Data Centre,global-cxm,Abu Dhabi,,"&nbsp;...standards, CORE Emirates supports the delivery of complex, mission-critical infrastructure across one of the world’s fastest-growing <b>data </b>centre markets. 
 Established in 2011, CORE Emirates is a specialist data centre consultancy and commissioning partner, supporting...&nbsp;",,2026-09-02T14:29:26.1931944+00:00,https://ae.jooble.org/desc/1939246555796312321?ckey=data+analyst+data+scientist+data+engineer&rgn=0&pos=42&elckey=2448638047395019015&p=1&aq=4161589712280518678&cid=111&jobAge=681&relb=100&brelb=100&bscr=2815.7427&scr=2815.7427,jobs.lever.co,2026-09-30T19:44:10.138556+00:00
-1257521488007269199,Quantitative Analyst,MultiBank Group,Dubai,,"&nbsp;...Overview 
 We are seeking a  Quantitative <b>Analyst </b> to join our Quantitative Dealing team....&nbsp;&nbsp;...role will develop, validate, and deploy <b>data-</b>driven models that strengthen our understanding...&nbsp;&nbsp;...trading and business systems. 
 <b>Engineer,</b> document, and validate robust features from...&nbsp;",,2026-09-22T15:57:19.6623325+00:00,https://ae.jooble.org/desc/-1257521488007269199?ckey=data+analyst+data+scientist+data+engineer&rgn=0&pos=44&elckey=2448638047395019015&p=1&aq=4161589712280518678&cid=111&jobAge=215&relb=100&brelb=100&bscr=2774.9597&scr=2774.9597,jobsinforex.com,2026-09-30T19:44:10.138564+00:00
8063947239912114342,Cloud & AI Business Development Associate,TradesApp,Dubai,,"&nbsp;...international technology organization in Dubai is looking for a  <b>Cloud & AI </b>Business Development Associate  to support the growth of...&nbsp;&nbsp;...for an early-career professional with a background in  <b>Computer Science, IT </b>or a related field  who wants to build experience across  AI...&nbsp;",,2026-09-25T16:16:26.3824792+00:00,https://ae.jooble.org/desc/8063947239912114342?ckey=IT+cybersecurity+cloud+AI+computer+science&rgn=0&pos=1&elckey=4393203855637880000&p=1&aq=-8560852774840018275&cid=111&jobAge=127&relb=100&brelb=100&bscr=5167.7056&scr=5167.7056,teamtailor.com,2026-09-30T19:44:10.610799+00:00
6640283161126223530,[Hiring] Computer / IT Teacher Sharjah UAE,,Dubai,,"&nbsp;...Position:  <b>Computer / IT </b>Teacher
 Date Posted:  August 31, 2026
 Industry:  Education 
 Employment Type:  Full Time 
 Experience:  Relevant...&nbsp;&nbsp;...experience 
 Qualification:  Bachelor’s Degree in Computer <b>Science,</b> IT, or a related field with Teaching Diploma/Teaching...&nbsp;",,2026-08-31T20:51:01.1879137+00:00,https://ae.jooble.org/desc/6640283161126223530?ckey=IT+cybersecurity+cloud+AI+computer+science&rgn=0&pos=3&elckey=4393203855637880000&p=1&aq=-8560852774840018275&cid=111&jobAge=743&relb=100&brelb=100&bscr=4538.3833&scr=4538.3833,gulfcareerhunt.com,2026-09-30T19:44:10.610828+00:00
-6895334018901274493,Cybersecurity Manager,Gentis Recruitment,United Arab Emirates,,"&nbsp;...enterprise-wide information security and <b>cybersecurity </b>management programme for our client's...&nbsp;&nbsp;..., risk and compliance framework across <b>IT </b>and Rail operational technology environments...&nbsp;&nbsp;...experience: 
·   Bachelor’s degree in <b>computer science,</b> information systems or an equivalent...&nbsp;",,2026-09-28T11:48:08.2099064+00:00,https://ae.jooble.org/desc/-6895334018901274493?ckey=IT+cybersecurity+cloud+AI+computer+science&rgn=0&pos=4&elckey=4393203855637880000&p=1&aq=-8560852774840018275&cid=111&jobAge=71&relb=100&brelb=100&bscr=4213.7544&scr=4213.7544,gentis.com,2026-09-30T19:44:10.610839+00:00
4306493328927679603,IT Director,IOTA GROUP,Abu Dhabi,,"&nbsp;...from a small core team. The <b>IT </b>Director will be the first and...&nbsp;&nbsp;...and access management, <b>cloud </b>environment, collaboration and...&nbsp;&nbsp;...delivering them. 
 Establish <b>cybersecurity:</b> policy, governance, threat...&nbsp;&nbsp;...including the US. 
~ Degree in <b>computer science,</b> information systems or...&nbsp;",,2026-09-11T17:00:55.3944066+00:00,https://ae.jooble.org/desc/4306493328927679603?ckey=IT+cybersecurity+cloud+AI+computer+science&rgn=0&pos=6&elckey=4393203855637880000&p=1&aq=-8560852774840018275&cid=111&jobAge=479&relb=100&brelb=100&bscr=3907.4458&scr=3907.4458,smartrecruiters.com,2026-09-30T19:44:10.610847+00:00
-8702817872989750603,IT & Marketing Specialist,Noor Saray Real Estate Dubai,Dubai,,"&nbsp;...: <b>IT </b>& Marketing Specialist 
 The IT & Marketing Specialist...&nbsp;&nbsp;..., maintain, and troubleshoot <b>computers,</b> printers, networking equipment...&nbsp;&nbsp;.... 
 Support data backup, <b>cybersecurity,</b> antivirus, and basic information...&nbsp;&nbsp;...'s degree in IT, Computer <b>Science,</b> Marketing, Business Administration...&nbsp;",,2026-09-28T06:42:52.8132121+00:00,https://ae.jooble.org/desc/-8702817872989750603?ckey=IT+cybersecurity+cloud+AI+computer+science&rgn=0&pos=10&elckey=4393203855637880000&p=1&aq=-8560852774840018275&cid=111&jobAge=71&relb=100&brelb=100&bscr=3606.8667&scr=3606.8667,workajobs.com,2026-09-30T19:44:10.610864+00:00
-9209058442117305008,Assistant Vice President - Data Science,aldar,Abu Dhabi,,"&nbsp;...JOB PURPOSE 
 As an AVP– Data <b>Science,</b> you will design, build, and...&nbsp;&nbsp;...productionize advanced analytics and <b>AI </b>solutions that drive...&nbsp;&nbsp;...Management (MRM). 
 
 Exposure to <b>cloud </b>platforms (Azure, Snowflake)...&nbsp;&nbsp;...QUALIFICATION 
 Bachelor’s degree in <b>Computer </b>Science, Data Science,...&nbsp;",,2026-09-25T14:28:28.4913283+00:00,https://ae.jooble.org/desc/-9209058442117305008?ckey=IT+cybersecurity+cloud+AI+computer+science&rgn=0&pos=11&elckey=4393203855637880000&p=1&aq=-8560852774840018275&cid=111&jobAge=129&relb=100&brelb=100&bscr=3566.5027&scr=3566.5027,jobs.lever.co,2026-09-30T19:44:10.610868+00:00
-5281380146798056365,Senior Consultant - Tech Consulting - Cybersecurity - Dubai,Ernst & Young,Dubai,,"&nbsp;...execution of strategic initiatives under <b>Cybersecurity </b>(CS) Priorities. The role executes (...&nbsp;&nbsp;...diverse set of functional teams (Finance, <b>IT,</b> Risk, Communications, Talent etc..)...&nbsp;&nbsp;...Qualifications 

~ MBA, degree in <b>computer science,</b> computer engineer or cybersecurity relevant...&nbsp;",,2026-09-21T12:13:43.6777085+00:00,https://ae.jooble.org/desc/-5281380146798056365?ckey=IT+cybersecurity+cloud+AI+computer+science&rgn=0&pos=14&elckey=4393203855637880000&p=1&aq=-8560852774840018275&cid=111&jobAge=239&relb=100&brelb=100&bscr=3478.2043&scr=3478.2043,ey.com,2026-09-30T19:44:10.610881+00:00
-7325135374969324360,Cybersecurity Technical Lead,Taaeen Group,Abu Dhabi,,"&nbsp;...network devices, 300 endpoints, Microsoft 365 E5, Azure/Entra ID, <b>cloud </b>services, backup & disaster recovery systems, and security and...&nbsp;&nbsp;...ideal candidate must have: 
 Strong hands-on experience in  <b>cybersecurity </b>assessments, vulnerability management and security...&nbsp;",,2026-09-23T20:21:05.3131985+00:00,https://ae.jooble.org/desc/-7325135374969324360?ckey=IT+cybersecurity+cloud+AI+computer+science&rgn=0&pos=16&elckey=4393203855637880000&p=1&aq=-8560852774840018275&cid=111&jobAge=191&relb=100&brelb=100&bscr=3448.2454&scr=3448.2454,getgulfjob.com,2026-09-30T19:44:10.610889+00:00
8419097731236347595,IT Executive,The Hoxton,Dubai,,"&nbsp;...working day look like …
 
~Manage the implementation of the Hotel <b>IT </b>plan, in line with the overarching IT strategy, through hotel-...&nbsp;&nbsp;...your CV …
 
~Bachelor's Degree in Information Technology, <b>Computer Science </b>or equivalent from an accredited and renowned University.
~...&nbsp;",,2026-09-30T01:57:31.1886004+00:00,https://ae.jooble.org/jdp/8419097731236347595?ckey=IT+cybersecurity+cloud+AI+computer+science&rgn=0&pos=18&elckey=4393203855637880000&p=1&aq=-8560852774840018275&cid=111&jobAge=21&relb=100&brelb=100&bscr=3334.9907&scr=3334.9907000000003,The Hoxton,2026-09-30T19:44:10.610897+00:00
3308379059584107839,"Senior Specialist, Cloud Application Engineer",IHS Towers,Dubai,,"&nbsp;...Job Description 


 Purpose 
 The <b>Cloud </b>Engineer is responsible for designing, building...&nbsp;&nbsp;...Education 
~ Bachelor’s degree in <b>Computer Science,</b> Software Engineering, Information Technology...&nbsp;&nbsp;..., Codex, Claude Code, Cursor) for <b>AI-</b>assisted software development. 
 Ability...&nbsp;",,2026-09-24T17:06:21.2150118+00:00,https://ae.jooble.org/desc/3308379059584107839?ckey=IT+cybersecurity+cloud+AI+computer+science&rgn=0&pos=21&elckey=4393203855637880000&p=1&aq=-8560852774840018275&cid=111&jobAge=167&relb=100&brelb=100&bscr=3215.6833&scr=3215.6833,smartrecruiters.com,2026-09-30T19:44:10.610909+00:00
5166857673754542728,IT Support Engineer,ZAPEGG TAX CONSULTANT,Dubai,,"&nbsp;...skilled and service-focused  <b>IT </b>Support Engineer  to support...&nbsp;&nbsp;...Install, configure, and maintain <b>computers,</b> printers, scanners, and...&nbsp;&nbsp;...employees on basic IT procedures and <b>cybersecurity </b>best practices. 
 Support...&nbsp;&nbsp;...Technology, Computer <b>Science </b> , or a related field. 
 Previous...&nbsp;",,2026-09-04T08:58:19.9138998+00:00,https://ae.jooble.org/desc/5166857673754542728?ckey=IT+cybersecurity+cloud+AI+computer+science&rgn=0&pos=22&elckey=4393203855637880000&p=1&aq=-8560852774840018275&cid=111&jobAge=647&relb=100&brelb=100&bscr=3211.7346&scr=3211.7346,zapegg.com,2026-09-30T19:44:10.610914+00:00
-5000086815134601803,[Hiring] IT Executive Dubai UAE,,Dubai,,"&nbsp;...Position:  <b>IT </b>Executive
 Date Posted:  23 September 2026
 Industry:  Information...&nbsp;&nbsp;...Degree or Diploma in Information Technology, <b>Computer Science,</b> or a related field (Estimated)
 Salary...&nbsp;&nbsp;...in Microsoft 365, networking, servers, <b>cloud </b>platforms, and Odoo ERP. The successful...&nbsp;",AED6000 - 9000 per month,2026-09-23T20:51:01.9673994+00:00,https://ae.jooble.org/desc/-5000086815134601803?ckey=IT+cybersecurity+cloud+AI+computer+science&rgn=0&pos=24&elckey=4393203855637880000&p=1&aq=-8560852774840018275&cid=111&jobAge=191&relb=100&brelb=100&bscr=3042.31&scr=3042.31,gulfcareerhunt.com,2026-09-30T19:44:10.610922+00:00
6969036643944423876,OT Cybersecurity Lead,VINCI Energies Oil & Gas,Abu Dhabi,,"&nbsp;...Cegelec Abu Dhabi  (a subsidiary of VINCI Energies), is a dedicated business unit specializing in the deployment and maintenance of <b>cybersecurity </b>solutions, telecom infrastructure, and physical security systems solutions. 
 With strong capabilities in cybersecurity design...&nbsp;",,2026-09-15T00:16:37.7352803+00:00,https://ae.jooble.org/desc/6969036643944423876?ckey=IT+cybersecurity+cloud+AI+computer+science&rgn=0&pos=25&elckey=4393203855637880000&p=1&aq=-8560852774840018275&cid=111&jobAge=383&relb=100&brelb=100&bscr=3032.4924&scr=3032.4924,teamtailor.com,2026-09-30T19:44:10.610926+00:00
-19475653063920953,Senior Cloud Systems Administrator,Unify Group,Abu Dhabi,,"&nbsp;...are looking for an experienced  Senior <b>Cloud </b>Systems Administrator  to design, manage...&nbsp;&nbsp;...across  AWS, Azure and/or GCP  , including <b>compute,</b> storage, networking, identity and...&nbsp;&nbsp;...Experience 
~ Bachelor's degree in Computer <b>Science, IT </b>or a related discipline, or equivalent...&nbsp;",,2026-08-27T00:17:09.7990313+00:00,https://ae.jooble.org/desc/-19475653063920953?ckey=IT+cybersecurity+cloud+AI+computer+science&rgn=0&pos=27&elckey=4393203855637880000&p=1&aq=-8560852774840018275&cid=111&jobAge=839&relb=100&brelb=100&bscr=3023.2668&scr=3023.2668,teamtailor.com,2026-09-30T19:44:10.610935+00:00
-6516072689580159106,Manager Data Scientist - AI,talabat,Dubai,,"&nbsp;...Description 


 About the Applied <b>AI </b>Tribe 
 The Applied AI Tribe...&nbsp;&nbsp;...to attract top data <b>science </b>and ML talent as the tribe scales...&nbsp;&nbsp;...Experience with BigQuery and Google <b>Cloud </b>Platform is a plus....&nbsp;&nbsp;...Bachelor's degree in Engineering, <b>Computer </b>Science, or a related field. A...&nbsp;",,2026-09-30T17:03:41.8323790+00:00,https://ae.jooble.org/desc/-6516072689580159106?ckey=IT+cybersecurity+cloud+AI+computer+science&rgn=0&pos=28&elckey=4393203855637880000&p=1&aq=-8560852774840018275&cid=111&jobAge=23&relb=100&brelb=100&bscr=3021.1003&scr=3021.1003,smartrecruiters.com,2026-09-30T19:44:10.610939+00:00
-1470697064064104572,IT Specialist,Salayel Hospitality,Abu Dhabi,,"&nbsp;...seeking a proactive and technically skilled <b>IT </b>Specialist to support and maintain the...&nbsp;&nbsp;...Train staff on basic IT usage, <b>cybersecurity </b>awareness, and system best practices...&nbsp;&nbsp;...or diploma in Information Technology, <b>Computer Science,</b> or related field 
~2–5 years of IT support...&nbsp;",,2026-07-06T00:40:05.3119525+00:00,https://ae.jooble.org/desc/-1470697064064104572?ckey=IT+cybersecurity+cloud+AI+computer+science&rgn=0&pos=30&elckey=4393203855637880000&p=1&aq=-8560852774840018275&cid=111&jobAge=2087&relb=100&brelb=100&bscr=3003.7754&scr=3003.7754,teamtailor.com,2026-09-30T19:44:10.610960+00:00
6872956789045930747,IT Specialist,The Food & Beverage Group,Dubai,,"&nbsp;...Role Purpose 
 We are seeking an <b>IT </b>Specialist to support the day-to-day technology...&nbsp;&nbsp;...server environments (physical or <b>cloud-</b>based) and ensure regular backups are in...&nbsp;&nbsp;...degree or diploma in Information Technology, <b>Computer Science,</b> or a related field preferred. 
 Basic...&nbsp;",,2026-07-29T16:16:46.9468751+00:00,https://ae.jooble.org/desc/6872956789045930747?ckey=IT+cybersecurity+cloud+AI+computer+science&rgn=0&pos=32&elckey=4393203855637880000&p=1&aq=-8560852774840018275&cid=111&jobAge=1519&relb=100&brelb=100&bscr=2981.0857&scr=2981.0857,teamtailor.com,2026-09-30T19:44:10.610969+00:00
-6213684911521712768,[Hiring] IT Support Specialist Dubai UAE,,Dubai,,"&nbsp;...Position:  <b>IT </b>Support Specialist
 Date Posted:  September 30, 2026
 Industry:...&nbsp;&nbsp;...Bachelor Degree in Information Technology, <b>Computer Science,</b> or related field 
 Salary:  AED 6,000...&nbsp;&nbsp;...data security, backups, and basic <b>cybersecurity </b>practices. 
• Coordinate with external...&nbsp;",,2026-09-30T14:51:02.5769789+00:00,https://ae.jooble.org/desc/-6213684911521712768?ckey=IT+cybersecurity+cloud+AI+computer+science&rgn=0&pos=33&elckey=4393203855637880000&p=1&aq=-8560852774840018275&cid=111&jobAge=23&relb=100&brelb=100&bscr=2946.2837&scr=2946.2837,gulfcareerhunt.com,2026-09-30T19:44:10.610973+00:00
3983212897179812701,AI Engineer - Agentic AI & Enterprise Automation,NAFFCO,Dubai,,"&nbsp;...Summary 
 We are seeking an <b>AI </b>Engineer to lead the...&nbsp;&nbsp;...AI frameworks aligned with <b>cybersecurity,</b> governance, compliance, and...&nbsp;&nbsp;...Collaborate with infrastructure, <b>cloud,</b> cybersecurity, and application...&nbsp;&nbsp;...Requirements 
~ Bachelor’s degree in <b>Computer Science,</b> Artificial Intelligence,...&nbsp;",,2026-09-04T00:36:32.8721008+00:00,https://ae.jooble.org/desc/3983212897179812701?ckey=IT+cybersecurity+cloud+AI+computer+science&rgn=0&pos=35&elckey=4393203855637880000&p=1&aq=-8560852774840018275&cid=111&jobAge=647&relb=100&brelb=100&bscr=2937.3076&scr=2937.3076,teamtailor.com,2026-09-30T19:44:10.610981+00:00
2363956905398777208,Director of IT,Mark Williams - Recruitment Agency,Abu Dhabi,,"&nbsp;...phase of its digital evolution.
  
 This is not a traditional <b>IT </b>leadership role. We're looking for someone who is passionate about...&nbsp;&nbsp;...building high performing teams
 • Experience across digital platforms, <b>cloud </b>technologies, infrastructure, and enterprise systems
  
 We're...&nbsp;",,2026-09-22T00:59:19.0872465+00:00,https://ae.jooble.org/jdp/2363956905398777208?ckey=IT+cybersecurity+cloud+AI+computer+science&rgn=0&pos=36&elckey=4393203855637880000&p=1&aq=-8560852774840018275&cid=111&jobAge=214&relb=100&brelb=100&bscr=2920.8267&scr=2920.8266999999996,Mark Williams - Recruitment Agency,2026-09-30T19:44:10.610984+00:00
-5326176098393356404,Data Scientist AI - 36 Months,Etihad Airways,Abu Dhabi,,"&nbsp;...Join us in shaping the future of <b>AI </b>and data-driven innovation. As...&nbsp;&nbsp;...requirements into data <b>science </b>and AI use cases, defining success...&nbsp;&nbsp;...Experience 
~ Bachelor's degree in <b>Computer </b>Science, Data Science, AI,...&nbsp;&nbsp;...deploying AI solutions in <b>cloud </b>environments (Azure, AWS, or GCP...&nbsp;",,2026-09-29T17:15:22.6986149+00:00,https://ae.jooble.org/desc/-5326176098393356404?ckey=IT+cybersecurity+cloud+AI+computer+science&rgn=0&pos=39&elckey=4393203855637880000&p=1&aq=-8560852774840018275&cid=111&jobAge=47&relb=100&brelb=100&bscr=2864.9731&scr=2864.9731,smartrecruiters.com,2026-09-30T19:44:10.610998+00:00
-8567198420889855316,IT Teacher,,Dubai,,"&nbsp;...educational institution in the UAE is looking for a qualified, passionate, and dedicated <b>IT </b>Teacher to join its academic team. The ideal candidate should have strong knowledge of <b>computer science </b>and information technology, excellent communication skills, and the ability to...&nbsp;",,2026-08-24T17:11:46.5929772+00:00,https://ae.jooble.org/desc/-8567198420889855316?ckey=IT+cybersecurity+cloud+AI+computer+science&rgn=0&pos=41&elckey=4393203855637880000&p=1&aq=-8560852774840018275&cid=111&jobAge=911&relb=100&brelb=100&bscr=2844.2793&scr=2844.2793,buzzon.khaleejtimes.com,2026-09-30T19:44:10.611005+00:00
-6253151797473878817,Scrum Master - Generative AI,NorthBay Solutions,Abu Dhabi,,"&nbsp;...Scrum Master – Generative <b>AI </b>
 Location:  Abu Dhabi, UAE (On-site, Full-time)
 Experience...&nbsp;&nbsp;...Skills & Experience 
~8-12+ years of <b>IT/</b>software delivery experience with at...&nbsp;&nbsp;...Educational Qualifications 
 Bachelor’s degree in <b>Computer Science,</b> Information Technology, Engineering, or...&nbsp;",,2026-09-16T12:54:20.0582897+00:00,https://ae.jooble.org/desc/-6253151797473878817?ckey=IT+cybersecurity+cloud+AI+computer+science&rgn=0&pos=42&elckey=4393203855637880000&p=1&aq=-8560852774840018275&cid=111&jobAge=359&relb=100&brelb=100&bscr=2838.5037&scr=2838.5036999999998,jazzhr.com,2026-09-30T19:44:10.611011+00:00
-5573021181360177551,[Hiring] IT Cyber Security Specialist Dubai UAE,,Dubai,,"&nbsp;...Position:  <b>IT </b>Cyber Security Specialist
 Date Posted:  September 28, 2026
 Industry...&nbsp;&nbsp;...Experience:  Proven experience in <b>Cybersecurity </b>/ Information Security 
 Qualification...&nbsp;&nbsp;...Bachelor’s Degree in IT, Cybersecurity, <b>Computer Science,</b> or a related field 
 Salary:  AED 100...&nbsp;",,2026-09-28T14:51:01.5733556+00:00,https://ae.jooble.org/desc/-5573021181360177551?ckey=IT+cybersecurity+cloud+AI+computer+science&rgn=0&pos=43&elckey=4393203855637880000&p=1&aq=-8560852774840018275&cid=111&jobAge=71&relb=100&brelb=100&bscr=2829.2979&scr=2829.2978999999996,gulfcareerhunt.com,2026-09-30T19:44:10.611015+00:00
-5643605017062884762,IT Support Technician,,Dubai,,"&nbsp;...The technology sector in Dubai offers an opportunity for a practical and service-oriented <b>IT </b>Support Technician to assist users, maintain <b>computer </b>systems, troubleshoot technical problems, and help keep day-to-day IT operations running smoothly. 
 Key Responsibilities...&nbsp;",,2026-09-28T01:12:09.2945549+00:00,https://ae.jooble.org/desc/-5643605017062884762?ckey=IT+cybersecurity+cloud+AI+computer+science&rgn=0&pos=46&elckey=4393203855637880000&p=1&aq=-8560852774840018275&cid=111&jobAge=71&relb=100&brelb=100&bscr=2803.3596&scr=2803.3596,buzzon.khaleejtimes.com,2026-09-30T19:44:10.611026+00:00
-2128152700367372934,[Hiring] Internal IT Infrastructure Specialist / Engineer Dubai UAE,,Dubai,,"&nbsp;...Position:  Internal <b>IT </b>Infrastructure Specialist / Engineer...&nbsp;&nbsp;...Qualification:  Bachelor’s Degree in <b>Computer Science,</b> Information Technology, or...&nbsp;&nbsp;..., network operations, <b>cybersecurity,</b> and daily IT support...&nbsp;&nbsp;...enterprise infrastructure, <b>cloud </b>platforms, security practices...&nbsp;",AED12000 - 18000 per month,2026-09-23T20:51:01.9859802+00:00,https://ae.jooble.org/desc/-2128152700367372934?ckey=IT+cybersecurity+cloud+AI+computer+science&rgn=0&pos=47&elckey=4393203855637880000&p=1&aq=-8560852774840018275&cid=111&jobAge=191&relb=100&brelb=100&bscr=2796.9275&scr=2796.9275,gulfcareerhunt.com,2026-09-30T19:44:10.611033+00:00
5719423475219736285,OT/IT CYBERSECURITY CONSULTANT,Duncan & Ross,Abu Dhabi,,"&nbsp;...KEY RESPONSIBILITIES:  
 
 Responsible for leading Overall OT/<b>IT </b>cyber security for major Master Control Centre/ Water Network...&nbsp;&nbsp;...etc.); and providing recommendations to comply with applicable <b>cybersecurity </b>framework. 
 Reviewing security products utilized (e.g., firewalls...&nbsp;",,2026-08-18T13:10:50.6285631+00:00,https://ae.jooble.org/desc/5719423475219736285?ckey=IT+cybersecurity+cloud+AI+computer+science&rgn=0&pos=50&elckey=4393203855637880000&p=1&aq=-8560852774840018275&cid=111&jobAge=1055&relb=100&brelb=100&bscr=2762.286&scr=2762.2859999999996,manatal.com,2026-09-30T19:44:10.611045+00:00
